n,seed,redondeo,valor_corte,bitstring
6,602026,0,38.301789578,100010
6,602026,1,38.301789578,100010
6,602026,2,38.301789578,100010
6,602026,3,38.301789578,100010
6,602026,4,38.301789578,011101
6,602026,5,38.301789578,100010
6,602026,6,38.301789578,100010
6,602026,7,38.301789578,100010
6,602026,8,38.301789578,011101
6,602026,9,38.301789578,100010
6,602026,10,38.301789578,011101
6,602026,11,38.301789578,100010
6,602026,12,38.301789578,100010
6,602026,13,38.301789578,011101
6,602026,14,38.301789578,100010
6,602026,15,38.301789578,100010
6,602026,16,38.301789578,100010
6,602026,17,38.301789578,100010
6,602026,18,38.301789578,100010
6,602026,19,38.301789578,100010
6,602026,20,38.301789578,100010
6,602026,21,38.301789578,011101
6,602026,22,38.301789578,011101
6,602026,23,38.301789578,100010
6,602026,24,38.301789578,011101
6,602026,25,38.301789578,011101
6,602026,26,38.301789578,011101
6,602026,27,38.301789578,100010
6,602026,28,38.301789578,011101
6,602026,29,38.301789578,011101
6,602026,30,38.301789578,100010
6,602026,31,38.301789578,100010
6,602026,32,38.301789578,011101
6,602026,33,38.301789578,100010
6,602026,34,38.301789578,011101
6,602026,35,38.301789578,100010
6,602026,36,38.301789578,100010
6,602026,37,38.301789578,100010
6,602026,38,38.301789578,100010
6,602026,39,38.301789578,100010
6,602026,40,38.301789578,011101
6,602026,41,38.301789578,100010
6,602026,42,38.301789578,100010
6,602026,43,38.301789578,100010
6,602026,44,38.301789578,100010
6,602026,45,38.301789578,011101
6,602026,46,38.301789578,100010
6,602026,47,38.301789578,011101
6,602026,48,38.301789578,100010
6,602026,49,38.301789578,100010
6,602026,50,38.301789578,100010
6,602026,51,38.301789578,100010
6,602026,52,38.301789578,011101
6,602026,53,38.301789578,011101
6,602026,54,38.301789578,100010
6,602026,55,38.301789578,011101
6,602026,56,38.301789578,011101
6,602026,57,38.301789578,100010
6,602026,58,38.301789578,100010
6,602026,59,38.301789578,100010
6,602026,60,38.301789578,011101
6,602026,61,38.301789578,100010
6,602026,62,38.301789578,011101
6,602026,63,38.301789578,011101
6,602026,64,38.301789578,011101
6,602026,65,38.301789578,100010
6,602026,66,38.301789578,100010
6,602026,67,38.301789578,100010
6,602026,68,38.301789578,100010
6,602026,69,38.301789578,100010
6,602026,70,38.301789578,011101
6,602026,71,38.301789578,100010
6,602026,72,38.301789578,011101
6,602026,73,38.301789578,100010
6,602026,74,38.301789578,100010
6,602026,75,38.301789578,011101
6,602026,76,38.301789578,100010
6,602026,77,38.301789578,011101
6,602026,78,38.301789578,100010
6,602026,79,38.301789578,100010
6,602026,80,38.301789578,011101
6,602026,81,38.301789578,100010
6,602026,82,38.301789578,011101
6,602026,83,38.301789578,011101
6,602026,84,38.301789578,011101
6,602026,85,38.301789578,011101
6,602026,86,38.301789578,011101
6,602026,87,38.301789578,100010
6,602026,88,38.301789578,100010
6,602026,89,38.301789578,011101
6,602026,90,38.301789578,100010
6,602026,91,38.301789578,100010
6,602026,92,38.301789578,100010
6,602026,93,38.301789578,011101
6,602026,94,38.301789578,100010
6,602026,95,38.301789578,011101
6,602026,96,38.301789578,100010
6,602026,97,38.301789578,011101
6,602026,98,38.301789578,011101
6,602026,99,38.301789578,011101
6,602026,100,38.301789578,100010
6,602026,101,38.301789578,011101
6,602026,102,38.301789578,011101
6,602026,103,38.301789578,100010
6,602026,104,38.301789578,011101
6,602026,105,38.301789578,011101
6,602026,106,38.301789578,011101
6,602026,107,38.301789578,011101
6,602026,108,38.301789578,011101
6,602026,109,38.301789578,100010
6,602026,110,38.301789578,100010
6,602026,111,38.301789578,011101
6,602026,112,38.301789578,011101
6,602026,113,38.301789578,100010
6,602026,114,38.301789578,100010
6,602026,115,38.301789578,011101
6,602026,116,38.301789578,011101
6,602026,117,38.301789578,011101
6,602026,118,38.301789578,100010
6,602026,119,38.301789578,011101
6,602026,120,38.301789578,100010
6,602026,121,38.301789578,011101
6,602026,122,38.301789578,100010
6,602026,123,38.301789578,011101
6,602026,124,38.301789578,100010
6,602026,125,38.301789578,011101
6,602026,126,38.301789578,100010
6,602026,127,38.301789578,011101
6,602026,128,38.301789578,011101
6,602026,129,38.301789578,100010
6,602026,130,38.301789578,011101
6,602026,131,38.301789578,100010
6,602026,132,38.301789578,011101
6,602026,133,38.301789578,100010
6,602026,134,38.301789578,011101
6,602026,135,38.301789578,011101
6,602026,136,38.301789578,011101
6,602026,137,38.301789578,011101
6,602026,138,38.301789578,011101
6,602026,139,38.301789578,011101
6,602026,140,38.301789578,100010
6,602026,141,38.301789578,011101
6,602026,142,38.301789578,100010
6,602026,143,38.301789578,100010
6,602026,144,38.301789578,100010
6,602026,145,38.301789578,100010
6,602026,146,38.301789578,011101
6,602026,147,38.301789578,011101
6,602026,148,38.301789578,011101
6,602026,149,38.301789578,011101
6,602026,150,38.301789578,011101
6,602026,151,38.301789578,100010
6,602026,152,38.301789578,011101
6,602026,153,38.301789578,011101
6,602026,154,38.301789578,011101
6,602026,155,38.301789578,100010
6,602026,156,38.301789578,100010
6,602026,157,38.301789578,100010
6,602026,158,38.301789578,011101
6,602026,159,38.301789578,100010
6,602026,160,38.301789578,011101
6,602026,161,38.301789578,100010
6,602026,162,38.301789578,100010
6,602026,163,38.301789578,011101
6,602026,164,38.301789578,100010
6,602026,165,38.301789578,011101
6,602026,166,38.301789578,100010
6,602026,167,38.301789578,011101
6,602026,168,38.301789578,011101
6,602026,169,38.301789578,100010
6,602026,170,38.301789578,011101
6,602026,171,38.301789578,011101
6,602026,172,38.301789578,100010
6,602026,173,38.301789578,100010
6,602026,174,38.301789578,011101
6,602026,175,38.301789578,100010
6,602026,176,38.301789578,011101
6,602026,177,38.301789578,100010
6,602026,178,38.301789578,011101
6,602026,179,38.301789578,100010
6,602026,180,38.301789578,011101
6,602026,181,38.301789578,100010
6,602026,182,38.301789578,011101
6,602026,183,38.301789578,100010
6,602026,184,38.301789578,011101
6,602026,185,38.301789578,100010
6,602026,186,38.301789578,011101
6,602026,187,38.301789578,100010
6,602026,188,38.301789578,011101
6,602026,189,38.301789578,011101
6,602026,190,38.301789578,100010
6,602026,191,38.301789578,011101
6,602026,192,38.301789578,011101
6,602026,193,38.301789578,100010
6,602026,194,38.301789578,011101
6,602026,195,38.301789578,011101
6,602026,196,38.301789578,100010
6,602026,197,38.301789578,100010
6,602026,198,38.301789578,100010
6,602026,199,38.301789578,011101
6,602026,200,38.301789578,011101
6,602026,201,38.301789578,011101
6,602026,202,38.301789578,100010
6,602026,203,38.301789578,100010
6,602026,204,38.301789578,011101
6,602026,205,38.301789578,100010
6,602026,206,38.301789578,011101
6,602026,207,38.301789578,100010
6,602026,208,38.301789578,100010
6,602026,209,38.301789578,011101
6,602026,210,38.301789578,011101
6,602026,211,38.301789578,100010
6,602026,212,38.301789578,011101
6,602026,213,38.301789578,100010
6,602026,214,38.301789578,011101
6,602026,215,38.301789578,100010
6,602026,216,38.301789578,011101
6,602026,217,38.301789578,100010
6,602026,218,38.301789578,100010
6,602026,219,38.301789578,011101
6,602026,220,38.301789578,011101
6,602026,221,38.301789578,011101
6,602026,222,38.301789578,100010
6,602026,223,38.301789578,011101
6,602026,224,38.301789578,100010
6,602026,225,38.301789578,011101
6,602026,226,38.301789578,011101
6,602026,227,38.301789578,100010
6,602026,228,38.301789578,100010
6,602026,229,38.301789578,011101
6,602026,230,38.301789578,100010
6,602026,231,38.301789578,100010
6,602026,232,38.301789578,011101
6,602026,233,38.301789578,011101
6,602026,234,38.301789578,100010
6,602026,235,38.301789578,100010
6,602026,236,38.301789578,100010
6,602026,237,38.301789578,011101
6,602026,238,38.301789578,011101
6,602026,239,38.301789578,100010
6,602026,240,38.301789578,011101
6,602026,241,38.301789578,100010
6,602026,242,38.301789578,011101
6,602026,243,38.301789578,100010
6,602026,244,38.301789578,011101
6,602026,245,38.301789578,011101
6,602026,246,38.301789578,100010
6,602026,247,38.301789578,100010
6,602026,248,38.301789578,100010
6,602026,249,38.301789578,100010
6,602026,250,38.301789578,100010
6,602026,251,38.301789578,100010
6,602026,252,38.301789578,011101
6,602026,253,38.301789578,100010
6,602026,254,38.301789578,100010
6,602026,255,38.301789578,100010
6,602026,256,38.301789578,100010
6,602026,257,38.301789578,011101
6,602026,258,38.301789578,100010
6,602026,259,38.301789578,100010
6,602026,260,38.301789578,011101
6,602026,261,38.301789578,011101
6,602026,262,38.301789578,011101
6,602026,263,38.301789578,100010
6,602026,264,38.301789578,011101
6,602026,265,38.301789578,011101
6,602026,266,38.301789578,100010
6,602026,267,38.301789578,011101
6,602026,268,38.301789578,011101
6,602026,269,38.301789578,100010
6,602026,270,38.301789578,100010
6,602026,271,38.301789578,100010
6,602026,272,38.301789578,100010
6,602026,273,38.301789578,100010
6,602026,274,38.301789578,100010
6,602026,275,38.301789578,011101
6,602026,276,38.301789578,100010
6,602026,277,38.301789578,100010
6,602026,278,38.301789578,100010
6,602026,279,38.301789578,100010
6,602026,280,38.301789578,011101
6,602026,281,38.301789578,100010
6,602026,282,38.301789578,100010
6,602026,283,38.301789578,011101
6,602026,284,38.301789578,100010
6,602026,285,38.301789578,011101
6,602026,286,38.301789578,011101
6,602026,287,38.301789578,011101
6,602026,288,38.301789578,011101
6,602026,289,38.301789578,011101
6,602026,290,38.301789578,011101
6,602026,291,38.301789578,011101
6,602026,292,38.301789578,100010
6,602026,293,38.301789578,100010
6,602026,294,38.301789578,011101
6,602026,295,38.301789578,011101
6,602026,296,38.301789578,100010
6,602026,297,38.301789578,011101
6,602026,298,38.301789578,100010
6,602026,299,38.301789578,011101
6,602026,300,38.301789578,100010
6,602026,301,38.301789578,011101
6,602026,302,38.301789578,011101
6,602026,303,38.301789578,100010
6,602026,304,38.301789578,011101
6,602026,305,38.301789578,100010
6,602026,306,38.301789578,100010
6,602026,307,38.301789578,011101
6,602026,308,38.301789578,011101
6,602026,309,38.301789578,011101
6,602026,310,38.301789578,100010
6,602026,311,38.301789578,011101
6,602026,312,38.301789578,100010
6,602026,313,38.301789578,100010
6,602026,314,38.301789578,100010
6,602026,315,38.301789578,011101
6,602026,316,38.301789578,011101
6,602026,317,38.301789578,100010
6,602026,318,38.301789578,100010
6,602026,319,38.301789578,011101
6,602026,320,38.301789578,011101
6,602026,321,38.301789578,100010
6,602026,322,38.301789578,011101
6,602026,323,38.301789578,011101
6,602026,324,38.301789578,100010
6,602026,325,38.301789578,100010
6,602026,326,38.301789578,011101
6,602026,327,38.301789578,011101
6,602026,328,38.301789578,011101
6,602026,329,38.301789578,100010
6,602026,330,38.301789578,011101
6,602026,331,38.301789578,100010
6,602026,332,38.301789578,011101
6,602026,333,38.301789578,100010
6,602026,334,38.301789578,011101
6,602026,335,38.301789578,100010
6,602026,336,38.301789578,011101
6,602026,337,38.301789578,100010
6,602026,338,38.301789578,011101
6,602026,339,38.301789578,011101
6,602026,340,38.301789578,100010
6,602026,341,38.301789578,100010
6,602026,342,38.301789578,100010
6,602026,343,38.301789578,100010
6,602026,344,38.301789578,100010
6,602026,345,38.301789578,011101
6,602026,346,38.301789578,100010
6,602026,347,38.301789578,011101
6,602026,348,38.301789578,100010
6,602026,349,38.301789578,011101
6,602026,350,38.301789578,011101
6,602026,351,38.301789578,011101
6,602026,352,38.301789578,011101
6,602026,353,38.301789578,100010
6,602026,354,38.301789578,011101
6,602026,355,38.301789578,100010
6,602026,356,38.301789578,011101
6,602026,357,38.301789578,011101
6,602026,358,38.301789578,100010
6,602026,359,38.301789578,100010
6,602026,360,38.301789578,011101
6,602026,361,38.301789578,100010
6,602026,362,38.301789578,100010
6,602026,363,38.301789578,100010
6,602026,364,38.301789578,011101
6,602026,365,38.301789578,100010
6,602026,366,38.301789578,011101
6,602026,367,38.301789578,011101
6,602026,368,38.301789578,011101
6,602026,369,38.301789578,011101
6,602026,370,38.301789578,011101
6,602026,371,38.301789578,100010
6,602026,372,38.301789578,100010
6,602026,373,38.301789578,100010
6,602026,374,38.301789578,011101
6,602026,375,38.301789578,100010
6,602026,376,38.301789578,100010
6,602026,377,38.301789578,011101
6,602026,378,38.301789578,100010
6,602026,379,38.301789578,011101
6,602026,380,38.301789578,100010
6,602026,381,38.301789578,011101
6,602026,382,38.301789578,011101
6,602026,383,38.301789578,100010
6,602026,384,38.301789578,100010
6,602026,385,38.301789578,100010
6,602026,386,38.301789578,011101
6,602026,387,38.301789578,011101
6,602026,388,38.301789578,011101
6,602026,389,38.301789578,100010
6,602026,390,38.301789578,011101
6,602026,391,38.301789578,100010
6,602026,392,38.301789578,100010
6,602026,393,38.301789578,100010
6,602026,394,38.301789578,100010
6,602026,395,38.301789578,011101
6,602026,396,38.301789578,100010
6,602026,397,38.301789578,100010
6,602026,398,38.301789578,100010
6,602026,399,38.301789578,011101
6,602026,400,38.301789578,011101
6,602026,401,38.301789578,100010
6,602026,402,38.301789578,100010
6,602026,403,38.301789578,011101
6,602026,404,38.301789578,011101
6,602026,405,38.301789578,100010
6,602026,406,38.301789578,100010
6,602026,407,38.301789578,100010
6,602026,408,38.301789578,011101
6,602026,409,38.301789578,011101
6,602026,410,38.301789578,011101
6,602026,411,38.301789578,100010
6,602026,412,38.301789578,011101
6,602026,413,38.301789578,011101
6,602026,414,38.301789578,011101
6,602026,415,38.301789578,011101
6,602026,416,38.301789578,011101
6,602026,417,38.301789578,100010
6,602026,418,38.301789578,011101
6,602026,419,38.301789578,011101
6,602026,420,38.301789578,011101
6,602026,421,38.301789578,011101
6,602026,422,38.301789578,011101
6,602026,423,38.301789578,100010
6,602026,424,38.301789578,100010
6,602026,425,38.301789578,011101
6,602026,426,38.301789578,011101
6,602026,427,38.301789578,100010
6,602026,428,38.301789578,011101
6,602026,429,38.301789578,100010
6,602026,430,38.301789578,100010
6,602026,431,38.301789578,011101
6,602026,432,38.301789578,011101
6,602026,433,38.301789578,100010
6,602026,434,38.301789578,100010
6,602026,435,38.301789578,011101
6,602026,436,38.301789578,011101
6,602026,437,38.301789578,011101
6,602026,438,38.301789578,011101
6,602026,439,38.301789578,011101
6,602026,440,38.301789578,100010
6,602026,441,38.301789578,100010
6,602026,442,38.301789578,100010
6,602026,443,38.301789578,100010
6,602026,444,38.301789578,011101
6,602026,445,38.301789578,100010
6,602026,446,38.301789578,011101
6,602026,447,38.301789578,100010
6,602026,448,38.301789578,011101
6,602026,449,38.301789578,100010
6,602026,450,38.301789578,011101
6,602026,451,38.301789578,011101
6,602026,452,38.301789578,100010
6,602026,453,38.301789578,011101
6,602026,454,38.301789578,100010
6,602026,455,38.301789578,100010
6,602026,456,38.301789578,100010
6,602026,457,38.301789578,100010
6,602026,458,38.301789578,100010
6,602026,459,38.301789578,011101
6,602026,460,38.301789578,011101
6,602026,461,38.301789578,100010
6,602026,462,38.301789578,100010
6,602026,463,38.301789578,011101
6,602026,464,38.301789578,100010
6,602026,465,38.301789578,011101
6,602026,466,38.301789578,100010
6,602026,467,38.301789578,100010
6,602026,468,38.301789578,011101
6,602026,469,38.301789578,011101
6,602026,470,38.301789578,011101
6,602026,471,38.301789578,011101
6,602026,472,38.301789578,011101
6,602026,473,38.301789578,011101
6,602026,474,38.301789578,011101
6,602026,475,38.301789578,011101
6,602026,476,38.301789578,100010
6,602026,477,38.301789578,011101
6,602026,478,38.301789578,011101
6,602026,479,38.301789578,100010
6,602026,480,38.301789578,011101
6,602026,481,38.301789578,011101
6,602026,482,38.301789578,011101
6,602026,483,38.301789578,100010
6,602026,484,38.301789578,100010
6,602026,485,38.301789578,100010
6,602026,486,38.301789578,100010
6,602026,487,38.301789578,011101
6,602026,488,38.301789578,011101
6,602026,489,38.301789578,100010
6,602026,490,38.301789578,011101
6,602026,491,38.301789578,011101
6,602026,492,38.301789578,100010
6,602026,493,38.301789578,100010
6,602026,494,38.301789578,011101
6,602026,495,38.301789578,100010
6,602026,496,38.301789578,011101
6,602026,497,38.301789578,100010
6,602026,498,38.301789578,100010
6,602026,499,38.301789578,100010
6,602026,500,38.301789578,100010
6,602026,501,38.301789578,100010
6,602026,502,38.301789578,011101
6,602026,503,38.301789578,011101
6,602026,504,38.301789578,100010
6,602026,505,38.301789578,011101
6,602026,506,38.301789578,100010
6,602026,507,38.301789578,011101
6,602026,508,38.301789578,100010
6,602026,509,38.301789578,100010
6,602026,510,38.301789578,011101
6,602026,511,38.301789578,011101
6,602026,512,38.301789578,011101
6,602026,513,38.301789578,100010
6,602026,514,38.301789578,100010
6,602026,515,38.301789578,011101
6,602026,516,38.301789578,100010
6,602026,517,38.301789578,100010
6,602026,518,38.301789578,011101
6,602026,519,38.301789578,100010
6,602026,520,38.301789578,011101
6,602026,521,38.301789578,011101
6,602026,522,38.301789578,100010
6,602026,523,38.301789578,011101
6,602026,524,38.301789578,100010
6,602026,525,38.301789578,011101
6,602026,526,38.301789578,100010
6,602026,527,38.301789578,011101
6,602026,528,38.301789578,100010
6,602026,529,38.301789578,011101
6,602026,530,38.301789578,100010
6,602026,531,38.301789578,100010
6,602026,532,38.301789578,011101
6,602026,533,38.301789578,011101
6,602026,534,38.301789578,100010
6,602026,535,38.301789578,011101
6,602026,536,38.301789578,011101
6,602026,537,38.301789578,011101
6,602026,538,38.301789578,100010
6,602026,539,38.301789578,011101
6,602026,540,38.301789578,011101
6,602026,541,38.301789578,011101
6,602026,542,38.301789578,011101
6,602026,543,38.301789578,011101
6,602026,544,38.301789578,011101
6,602026,545,38.301789578,100010
6,602026,546,38.301789578,011101
6,602026,547,38.301789578,100010
6,602026,548,38.301789578,011101
6,602026,549,38.301789578,100010
6,602026,550,38.301789578,100010
6,602026,551,38.301789578,100010
6,602026,552,38.301789578,011101
6,602026,553,38.301789578,100010
6,602026,554,38.301789578,011101
6,602026,555,38.301789578,100010
6,602026,556,38.301789578,011101
6,602026,557,38.301789578,011101
6,602026,558,38.301789578,011101
6,602026,559,38.301789578,100010
6,602026,560,38.301789578,100010
6,602026,561,38.301789578,100010
6,602026,562,38.301789578,011101
6,602026,563,38.301789578,100010
6,602026,564,38.301789578,100010
6,602026,565,38.301789578,011101
6,602026,566,38.301789578,011101
6,602026,567,38.301789578,100010
6,602026,568,38.301789578,100010
6,602026,569,38.301789578,100010
6,602026,570,38.301789578,100010
6,602026,571,38.301789578,100010
6,602026,572,38.301789578,100010
6,602026,573,38.301789578,100010
6,602026,574,38.301789578,100010
6,602026,575,38.301789578,100010
6,602026,576,38.301789578,100010
6,602026,577,38.301789578,100010
6,602026,578,38.301789578,100010
6,602026,579,38.301789578,100010
6,602026,580,38.301789578,100010
6,602026,581,38.301789578,011101
6,602026,582,38.301789578,100010
6,602026,583,38.301789578,011101
6,602026,584,38.301789578,100010
6,602026,585,38.301789578,100010
6,602026,586,38.301789578,100010
6,602026,587,38.301789578,100010
6,602026,588,38.301789578,100010
6,602026,589,38.301789578,011101
6,602026,590,38.301789578,100010
6,602026,591,38.301789578,100010
6,602026,592,38.301789578,011101
6,602026,593,38.301789578,011101
6,602026,594,38.301789578,011101
6,602026,595,38.301789578,100010
6,602026,596,38.301789578,100010
6,602026,597,38.301789578,100010
6,602026,598,38.301789578,100010
6,602026,599,38.301789578,100010
6,602026,600,38.301789578,100010
6,602026,601,38.301789578,100010
6,602026,602,38.301789578,011101
6,602026,603,38.301789578,011101
6,602026,604,38.301789578,100010
6,602026,605,38.301789578,100010
6,602026,606,38.301789578,011101
6,602026,607,38.301789578,011101
6,602026,608,38.301789578,100010
6,602026,609,38.301789578,100010
6,602026,610,38.301789578,100010
6,602026,611,38.301789578,011101
6,602026,612,38.301789578,100010
6,602026,613,38.301789578,011101
6,602026,614,38.301789578,011101
6,602026,615,38.301789578,011101
6,602026,616,38.301789578,011101
6,602026,617,38.301789578,100010
6,602026,618,38.301789578,100010
6,602026,619,38.301789578,100010
6,602026,620,38.301789578,011101
6,602026,621,38.301789578,100010
6,602026,622,38.301789578,100010
6,602026,623,38.301789578,011101
6,602026,624,38.301789578,011101
6,602026,625,38.301789578,011101
6,602026,626,38.301789578,011101
6,602026,627,38.301789578,100010
6,602026,628,38.301789578,100010
6,602026,629,38.301789578,011101
6,602026,630,38.301789578,100010
6,602026,631,38.301789578,100010
6,602026,632,38.301789578,100010
6,602026,633,38.301789578,100010
6,602026,634,38.301789578,011101
6,602026,635,38.301789578,100010
6,602026,636,38.301789578,011101
6,602026,637,38.301789578,100010
6,602026,638,38.301789578,011101
6,602026,639,38.301789578,011101
6,602026,640,38.301789578,100010
6,602026,641,38.301789578,011101
6,602026,642,38.301789578,011101
6,602026,643,38.301789578,011101
6,602026,644,38.301789578,011101
6,602026,645,38.301789578,100010
6,602026,646,38.301789578,011101
6,602026,647,38.301789578,100010
6,602026,648,38.301789578,100010
6,602026,649,38.301789578,100010
6,602026,650,38.301789578,100010
6,602026,651,38.301789578,100010
6,602026,652,38.301789578,100010
6,602026,653,38.301789578,100010
6,602026,654,38.301789578,100010
6,602026,655,38.301789578,100010
6,602026,656,38.301789578,100010
6,602026,657,38.301789578,011101
6,602026,658,38.301789578,100010
6,602026,659,38.301789578,100010
6,602026,660,38.301789578,011101
6,602026,661,38.301789578,011101
6,602026,662,38.301789578,011101
6,602026,663,38.301789578,100010
6,602026,664,38.301789578,100010
6,602026,665,38.301789578,011101
6,602026,666,38.301789578,100010
6,602026,667,38.301789578,011101
6,602026,668,38.301789578,011101
6,602026,669,38.301789578,100010
6,602026,670,38.301789578,011101
6,602026,671,38.301789578,011101
6,602026,672,38.301789578,100010
6,602026,673,38.301789578,011101
6,602026,674,38.301789578,011101
6,602026,675,38.301789578,011101
6,602026,676,38.301789578,100010
6,602026,677,38.301789578,011101
6,602026,678,38.301789578,100010
6,602026,679,38.301789578,100010
6,602026,680,38.301789578,011101
6,602026,681,38.301789578,011101
6,602026,682,38.301789578,100010
6,602026,683,38.301789578,100010
6,602026,684,38.301789578,100010
6,602026,685,38.301789578,011101
6,602026,686,38.301789578,100010
6,602026,687,38.301789578,011101
6,602026,688,38.301789578,011101
6,602026,689,38.301789578,100010
6,602026,690,38.301789578,100010
6,602026,691,38.301789578,100010
6,602026,692,38.301789578,100010
6,602026,693,38.301789578,100010
6,602026,694,38.301789578,100010
6,602026,695,38.301789578,011101
6,602026,696,38.301789578,011101
6,602026,697,38.301789578,011101
6,602026,698,38.301789578,011101
6,602026,699,38.301789578,011101
6,602026,700,38.301789578,100010
6,602026,701,38.301789578,011101
6,602026,702,38.301789578,011101
6,602026,703,38.301789578,011101
6,602026,704,38.301789578,011101
6,602026,705,38.301789578,011101
6,602026,706,38.301789578,011101
6,602026,707,38.301789578,011101
6,602026,708,38.301789578,100010
6,602026,709,38.301789578,100010
6,602026,710,38.301789578,011101
6,602026,711,38.301789578,011101
6,602026,712,38.301789578,011101
6,602026,713,38.301789578,100010
6,602026,714,38.301789578,100010
6,602026,715,38.301789578,011101
6,602026,716,38.301789578,100010
6,602026,717,38.301789578,100010
6,602026,718,38.301789578,100010
6,602026,719,38.301789578,011101
6,602026,720,38.301789578,011101
6,602026,721,38.301789578,100010
6,602026,722,38.301789578,100010
6,602026,723,38.301789578,100010
6,602026,724,38.301789578,100010
6,602026,725,38.301789578,100010
6,602026,726,38.301789578,011101
6,602026,727,38.301789578,011101
6,602026,728,38.301789578,100010
6,602026,729,38.301789578,011101
6,602026,730,38.301789578,100010
6,602026,731,38.301789578,011101
6,602026,732,38.301789578,100010
6,602026,733,38.301789578,011101
6,602026,734,38.301789578,011101
6,602026,735,38.301789578,011101
6,602026,736,38.301789578,100010
6,602026,737,38.301789578,100010
6,602026,738,38.301789578,011101
6,602026,739,38.301789578,011101
6,602026,740,38.301789578,011101
6,602026,741,38.301789578,011101
6,602026,742,38.301789578,011101
6,602026,743,38.301789578,100010
6,602026,744,38.301789578,011101
6,602026,745,38.301789578,011101
6,602026,746,38.301789578,100010
6,602026,747,38.301789578,011101
6,602026,748,38.301789578,011101
6,602026,749,38.301789578,011101
6,602026,750,38.301789578,011101
6,602026,751,38.301789578,100010
6,602026,752,38.301789578,100010
6,602026,753,38.301789578,011101
6,602026,754,38.301789578,011101
6,602026,755,38.301789578,011101
6,602026,756,38.301789578,100010
6,602026,757,38.301789578,011101
6,602026,758,38.301789578,100010
6,602026,759,38.301789578,011101
6,602026,760,38.301789578,100010
6,602026,761,38.301789578,100010
6,602026,762,38.301789578,011101
6,602026,763,38.301789578,100010
6,602026,764,38.301789578,011101
6,602026,765,38.301789578,011101
6,602026,766,38.301789578,011101
6,602026,767,38.301789578,011101
6,602026,768,38.301789578,100010
6,602026,769,38.301789578,100010
6,602026,770,38.301789578,011101
6,602026,771,38.301789578,011101
6,602026,772,38.301789578,100010
6,602026,773,38.301789578,011101
6,602026,774,38.301789578,100010
6,602026,775,38.301789578,100010
6,602026,776,38.301789578,100010
6,602026,777,38.301789578,011101
6,602026,778,38.301789578,100010
6,602026,779,38.301789578,011101
6,602026,780,38.301789578,011101
6,602026,781,38.301789578,011101
6,602026,782,38.301789578,011101
6,602026,783,38.301789578,011101
6,602026,784,38.301789578,100010
6,602026,785,38.301789578,100010
6,602026,786,38.301789578,100010
6,602026,787,38.301789578,011101
6,602026,788,38.301789578,011101
6,602026,789,38.301789578,100010
6,602026,790,38.301789578,011101
6,602026,791,38.301789578,011101
6,602026,792,38.301789578,100010
6,602026,793,38.301789578,100010
6,602026,794,38.301789578,011101
6,602026,795,38.301789578,100010
6,602026,796,38.301789578,100010
6,602026,797,38.301789578,011101
6,602026,798,38.301789578,100010
6,602026,799,38.301789578,011101
6,602026,800,38.301789578,011101
6,602026,801,38.301789578,011101
6,602026,802,38.301789578,100010
6,602026,803,38.301789578,011101
6,602026,804,38.301789578,011101
6,602026,805,38.301789578,100010
6,602026,806,38.301789578,011101
6,602026,807,38.301789578,011101
6,602026,808,38.301789578,100010
6,602026,809,38.301789578,011101
6,602026,810,38.301789578,011101
6,602026,811,38.301789578,011101
6,602026,812,38.301789578,100010
6,602026,813,38.301789578,011101
6,602026,814,38.301789578,011101
6,602026,815,38.301789578,100010
6,602026,816,38.301789578,100010
6,602026,817,38.301789578,011101
6,602026,818,38.301789578,011101
6,602026,819,38.301789578,011101
6,602026,820,38.301789578,100010
6,602026,821,38.301789578,100010
6,602026,822,38.301789578,011101
6,602026,823,38.301789578,011101
6,602026,824,38.301789578,011101
6,602026,825,38.301789578,100010
6,602026,826,38.301789578,011101
6,602026,827,38.301789578,100010
6,602026,828,38.301789578,011101
6,602026,829,38.301789578,011101
6,602026,830,38.301789578,100010
6,602026,831,38.301789578,100010
6,602026,832,38.301789578,100010
6,602026,833,38.301789578,100010
6,602026,834,38.301789578,100010
6,602026,835,38.301789578,011101
6,602026,836,38.301789578,100010
6,602026,837,38.301789578,100010
6,602026,838,38.301789578,011101
6,602026,839,38.301789578,011101
6,602026,840,38.301789578,100010
6,602026,841,38.301789578,100010
6,602026,842,38.301789578,011101
6,602026,843,38.301789578,100010
6,602026,844,38.301789578,011101
6,602026,845,38.301789578,100010
6,602026,846,38.301789578,011101
6,602026,847,38.301789578,011101
6,602026,848,38.301789578,100010
6,602026,849,38.301789578,011101
6,602026,850,38.301789578,100010
6,602026,851,38.301789578,011101
6,602026,852,38.301789578,100010
6,602026,853,38.301789578,011101
6,602026,854,38.301789578,100010
6,602026,855,38.301789578,100010
6,602026,856,38.301789578,100010
6,602026,857,38.301789578,011101
6,602026,858,38.301789578,011101
6,602026,859,38.301789578,011101
6,602026,860,38.301789578,011101
6,602026,861,38.301789578,100010
6,602026,862,38.301789578,100010
6,602026,863,38.301789578,100010
6,602026,864,38.301789578,011101
6,602026,865,38.301789578,011101
6,602026,866,38.301789578,011101
6,602026,867,38.301789578,100010
6,602026,868,38.301789578,011101
6,602026,869,38.301789578,011101
6,602026,870,38.301789578,011101
6,602026,871,38.301789578,100010
6,602026,872,38.301789578,100010
6,602026,873,38.301789578,100010
6,602026,874,38.301789578,100010
6,602026,875,38.301789578,100010
6,602026,876,38.301789578,011101
6,602026,877,38.301789578,100010
6,602026,878,38.301789578,011101
6,602026,879,38.301789578,011101
6,602026,880,38.301789578,100010
6,602026,881,38.301789578,100010
6,602026,882,38.301789578,100010
6,602026,883,38.301789578,011101
6,602026,884,38.301789578,011101
6,602026,885,38.301789578,100010
6,602026,886,38.301789578,011101
6,602026,887,38.301789578,100010
6,602026,888,38.301789578,011101
6,602026,889,38.301789578,100010
6,602026,890,38.301789578,011101
6,602026,891,38.301789578,011101
6,602026,892,38.301789578,100010
6,602026,893,38.301789578,011101
6,602026,894,38.301789578,100010
6,602026,895,38.301789578,100010
6,602026,896,38.301789578,011101
6,602026,897,38.301789578,100010
6,602026,898,38.301789578,100010
6,602026,899,38.301789578,100010
6,602026,900,38.301789578,011101
6,602026,901,38.301789578,011101
6,602026,902,38.301789578,011101
6,602026,903,38.301789578,100010
6,602026,904,38.301789578,011101
6,602026,905,38.301789578,011101
6,602026,906,38.301789578,100010
6,602026,907,38.301789578,100010
6,602026,908,38.301789578,011101
6,602026,909,38.301789578,011101
6,602026,910,38.301789578,011101
6,602026,911,38.301789578,100010
6,602026,912,38.301789578,100010
6,602026,913,38.301789578,100010
6,602026,914,38.301789578,011101
6,602026,915,38.301789578,100010
6,602026,916,38.301789578,011101
6,602026,917,38.301789578,011101
6,602026,918,38.301789578,011101
6,602026,919,38.301789578,100010
6,602026,920,38.301789578,011101
6,602026,921,38.301789578,100010
6,602026,922,38.301789578,011101
6,602026,923,38.301789578,011101
6,602026,924,38.301789578,100010
6,602026,925,38.301789578,011101
6,602026,926,38.301789578,011101
6,602026,927,38.301789578,100010
6,602026,928,38.301789578,011101
6,602026,929,38.301789578,100010
6,602026,930,38.301789578,100010
6,602026,931,38.301789578,011101
6,602026,932,38.301789578,100010
6,602026,933,38.301789578,100010
6,602026,934,38.301789578,100010
6,602026,935,38.301789578,100010
6,602026,936,38.301789578,100010
6,602026,937,38.301789578,011101
6,602026,938,38.301789578,011101
6,602026,939,38.301789578,100010
6,602026,940,38.301789578,011101
6,602026,941,38.301789578,011101
6,602026,942,38.301789578,100010
6,602026,943,38.301789578,100010
6,602026,944,38.301789578,011101
6,602026,945,38.301789578,011101
6,602026,946,38.301789578,100010
6,602026,947,38.301789578,100010
6,602026,948,38.301789578,011101
6,602026,949,38.301789578,011101
6,602026,950,38.301789578,011101
6,602026,951,38.301789578,100010
6,602026,952,38.301789578,100010
6,602026,953,38.301789578,011101
6,602026,954,38.301789578,011101
6,602026,955,38.301789578,011101
6,602026,956,38.301789578,011101
6,602026,957,38.301789578,100010
6,602026,958,38.301789578,100010
6,602026,959,38.301789578,100010
6,602026,960,38.301789578,011101
6,602026,961,38.301789578,011101
6,602026,962,38.301789578,011101
6,602026,963,38.301789578,011101
6,602026,964,38.301789578,011101
6,602026,965,38.301789578,100010
6,602026,966,38.301789578,100010
6,602026,967,38.301789578,011101
6,602026,968,38.301789578,011101
6,602026,969,38.301789578,100010
6,602026,970,38.301789578,100010
6,602026,971,38.301789578,100010
6,602026,972,38.301789578,100010
6,602026,973,38.301789578,011101
6,602026,974,38.301789578,100010
6,602026,975,38.301789578,100010
6,602026,976,38.301789578,011101
6,602026,977,38.301789578,100010
6,602026,978,38.301789578,011101
6,602026,979,38.301789578,011101
6,602026,980,38.301789578,100010
6,602026,981,38.301789578,011101
6,602026,982,38.301789578,100010
6,602026,983,38.301789578,100010
6,602026,984,38.301789578,100010
6,602026,985,38.301789578,100010
6,602026,986,38.301789578,011101
6,602026,987,38.301789578,100010
6,602026,988,38.301789578,011101
6,602026,989,38.301789578,100010
6,602026,990,38.301789578,100010
6,602026,991,38.301789578,100010
6,602026,992,38.301789578,011101
6,602026,993,38.301789578,011101
6,602026,994,38.301789578,100010
6,602026,995,38.301789578,100010
6,602026,996,38.301789578,011101
6,602026,997,38.301789578,100010
6,602026,998,38.301789578,011101
6,602026,999,38.301789578,100010
8,802026,0,42.218037148,10001101
8,802026,1,42.218037148,10001101
8,802026,2,42.218037148,10001101
8,802026,3,42.218037148,10001101
8,802026,4,42.218037148,10001101
8,802026,5,42.218037148,10001101
8,802026,6,42.218037148,01110010
8,802026,7,42.218037148,10001101
8,802026,8,42.218037148,10001101
8,802026,9,42.218037148,01110010
8,802026,10,42.218037148,10001101
8,802026,11,42.218037148,10001101
8,802026,12,42.218037148,10001101
8,802026,13,42.218037148,10001101
8,802026,14,42.218037148,01110010
8,802026,15,42.218037148,01110010
8,802026,16,42.218037148,10001101
8,802026,17,42.218037148,10001101
8,802026,18,42.218037148,10001101
8,802026,19,42.218037148,01110010
8,802026,20,42.218037148,10001101
8,802026,21,42.218037148,01110010
8,802026,22,42.218037148,10001101
8,802026,23,42.218037148,01110010
8,802026,24,42.218037148,10001101
8,802026,25,42.218037148,01110010
8,802026,26,42.218037148,10001101
8,802026,27,42.218037148,01110010
8,802026,28,42.218037148,01110010
8,802026,29,42.218037148,10001101
8,802026,30,42.218037148,10001101
8,802026,31,42.218037148,01110010
8,802026,32,42.218037148,10001101
8,802026,33,42.218037148,10001101
8,802026,34,42.218037148,10001101
8,802026,35,42.218037148,01110010
8,802026,36,42.218037148,10001101
8,802026,37,42.218037148,10001101
8,802026,38,42.218037148,01110010
8,802026,39,42.218037148,10001101
8,802026,40,42.218037148,01110010
8,802026,41,42.218037148,01110010
8,802026,42,42.218037148,01110010
8,802026,43,42.218037148,10001101
8,802026,44,42.218037148,10001101
8,802026,45,42.218037148,10001101
8,802026,46,42.218037148,10001101
8,802026,47,42.218037148,10001101
8,802026,48,42.218037148,01110010
8,802026,49,42.218037148,01110010
8,802026,50,42.218037148,01110010
8,802026,51,42.218037148,01110010
8,802026,52,42.218037148,10001101
8,802026,53,42.218037148,01110010
8,802026,54,42.218037148,10001101
8,802026,55,42.218037148,01110010
8,802026,56,42.218037148,10001101
8,802026,57,42.218037148,10001101
8,802026,58,42.218037148,01110010
8,802026,59,42.218037148,01110010
8,802026,60,42.218037148,01110010
8,802026,61,42.218037148,10001101
8,802026,62,42.218037148,01110010
8,802026,63,42.218037148,01110010
8,802026,64,42.218037148,10001101
8,802026,65,42.218037148,10001101
8,802026,66,42.218037148,01110010
8,802026,67,42.218037148,10001101
8,802026,68,42.218037148,01110010
8,802026,69,42.218037148,01110010
8,802026,70,42.218037148,01110010
8,802026,71,42.218037148,01110010
8,802026,72,42.218037148,01110010
8,802026,73,42.218037148,10001101
8,802026,74,42.218037148,01110010
8,802026,75,42.218037148,01110010
8,802026,76,42.218037148,01110010
8,802026,77,42.218037148,10001101
8,802026,78,42.218037148,01110010
8,802026,79,42.218037148,01110010
8,802026,80,42.218037148,01110010
8,802026,81,42.218037148,10001101
8,802026,82,42.218037148,10001101
8,802026,83,42.218037148,01110010
8,802026,84,42.218037148,01110010
8,802026,85,42.218037148,10001101
8,802026,86,42.218037148,01110010
8,802026,87,42.218037148,01110010
8,802026,88,42.218037148,01110010
8,802026,89,42.218037148,10001101
8,802026,90,42.218037148,10001101
8,802026,91,42.218037148,01110010
8,802026,92,42.218037148,10001101
8,802026,93,42.218037148,01110010
8,802026,94,42.218037148,01110010
8,802026,95,42.218037148,01110010
8,802026,96,42.218037148,10001101
8,802026,97,42.218037148,01110010
8,802026,98,42.218037148,10001101
8,802026,99,42.218037148,01110010
8,802026,100,42.218037148,10001101
8,802026,101,42.218037148,10001101
8,802026,102,42.218037148,10001101
8,802026,103,42.218037148,10001101
8,802026,104,42.218037148,01110010
8,802026,105,42.218037148,10001101
8,802026,106,42.218037148,10001101
8,802026,107,42.218037148,01110010
8,802026,108,42.218037148,10001101
8,802026,109,42.218037148,10001101
8,802026,110,42.218037148,10001101
8,802026,111,42.218037148,01110010
8,802026,112,42.218037148,10001101
8,802026,113,42.218037148,10001101
8,802026,114,42.218037148,01110010
8,802026,115,42.218037148,01110010
8,802026,116,42.218037148,01110010
8,802026,117,42.218037148,01110010
8,802026,118,42.218037148,01110010
8,802026,119,42.218037148,10001101
8,802026,120,42.218037148,01110010
8,802026,121,42.218037148,10001101
8,802026,122,42.218037148,01110010
8,802026,123,42.218037148,10001101
8,802026,124,42.218037148,01110010
8,802026,125,42.218037148,10001101
8,802026,126,42.218037148,01110010
8,802026,127,42.218037148,10001101
8,802026,128,42.218037148,01110010
8,802026,129,42.218037148,01110010
8,802026,130,42.218037148,10001101
8,802026,131,42.218037148,10001101
8,802026,132,42.218037148,01110010
8,802026,133,42.218037148,10001101
8,802026,134,42.218037148,10001101
8,802026,135,42.218037148,01110010
8,802026,136,42.218037148,01110010
8,802026,137,42.218037148,10001101
8,802026,138,42.218037148,10001101
8,802026,139,42.218037148,01110010
8,802026,140,42.218037148,01110010
8,802026,141,42.218037148,10001101
8,802026,142,42.218037148,01110010
8,802026,143,42.218037148,10001101
8,802026,144,42.218037148,01110010
8,802026,145,42.218037148,10001101
8,802026,146,42.218037148,01110010
8,802026,147,42.218037148,10001101
8,802026,148,42.218037148,01110010
8,802026,149,42.218037148,10001101
8,802026,150,42.218037148,01110010
8,802026,151,42.218037148,01110010
8,802026,152,42.218037148,01110010
8,802026,153,42.218037148,10001101
8,802026,154,42.218037148,01110010
8,802026,155,42.218037148,01110010
8,802026,156,42.218037148,10001101
8,802026,157,42.218037148,10001101
8,802026,158,42.218037148,01110010
8,802026,159,42.218037148,10001101
8,802026,160,42.218037148,10001101
8,802026,161,42.218037148,01110010
8,802026,162,42.218037148,01110010
8,802026,163,42.218037148,01110010
8,802026,164,42.218037148,01110010
8,802026,165,42.218037148,10001101
8,802026,166,42.218037148,01110010
8,802026,167,42.218037148,01110010
8,802026,168,42.218037148,10001101
8,802026,169,42.218037148,10001101
8,802026,170,42.218037148,10001101
8,802026,171,42.218037148,10001101
8,802026,172,42.218037148,01110010
8,802026,173,42.218037148,01110010
8,802026,174,42.218037148,10001101
8,802026,175,42.218037148,10001101
8,802026,176,42.218037148,01110010
8,802026,177,42.218037148,10001101
8,802026,178,42.218037148,01110010
8,802026,179,42.218037148,01110010
8,802026,180,42.218037148,10001101
8,802026,181,42.218037148,01110010
8,802026,182,42.218037148,10001101
8,802026,183,42.218037148,10001101
8,802026,184,42.218037148,01110010
8,802026,185,42.218037148,10001101
8,802026,186,42.218037148,01110010
8,802026,187,42.218037148,10001101
8,802026,188,42.218037148,10001101
8,802026,189,42.218037148,01110010
8,802026,190,42.218037148,01110010
8,802026,191,42.218037148,01110010
8,802026,192,42.218037148,10001101
8,802026,193,42.218037148,10001101
8,802026,194,42.218037148,10001101
8,802026,195,42.218037148,01110010
8,802026,196,42.218037148,01110010
8,802026,197,42.218037148,10001101
8,802026,198,42.218037148,01110010
8,802026,199,42.218037148,10001101
8,802026,200,42.218037148,01110010
8,802026,201,42.218037148,01110010
8,802026,202,42.218037148,01110010
8,802026,203,42.218037148,01110010
8,802026,204,42.218037148,10001101
8,802026,205,42.218037148,10001101
8,802026,206,42.218037148,01110010
8,802026,207,42.218037148,10001101
8,802026,208,42.218037148,10001101
8,802026,209,42.218037148,10001101
8,802026,210,42.218037148,10001101
8,802026,211,42.218037148,01110010
8,802026,212,42.218037148,10001101
8,802026,213,42.218037148,10001101
8,802026,214,42.218037148,01110010
8,802026,215,42.218037148,10001101
8,802026,216,42.218037148,10001101
8,802026,217,42.218037148,01110010
8,802026,218,42.218037148,01110010
8,802026,219,42.218037148,01110010
8,802026,220,42.218037148,10001101
8,802026,221,42.218037148,01110010
8,802026,222,42.218037148,10001101
8,802026,223,42.218037148,10001101
8,802026,224,42.218037148,10001101
8,802026,225,42.218037148,10001101
8,802026,226,42.218037148,01110010
8,802026,227,42.218037148,01110010
8,802026,228,42.218037148,10001101
8,802026,229,42.218037148,10001101
8,802026,230,42.218037148,10001101
8,802026,231,42.218037148,10001101
8,802026,232,42.218037148,10001101
8,802026,233,42.218037148,01110010
8,802026,234,42.218037148,01110010
8,802026,235,42.218037148,01110010
8,802026,236,42.218037148,10001101
8,802026,237,42.218037148,01110010
8,802026,238,42.218037148,01110010
8,802026,239,42.218037148,10001101
8,802026,240,42.218037148,01110010
8,802026,241,42.218037148,01110010
8,802026,242,42.218037148,01110010
8,802026,243,42.218037148,10001101
8,802026,244,42.218037148,10001101
8,802026,245,42.218037148,01110010
8,802026,246,42.218037148,10001101
8,802026,247,42.218037148,10001101
8,802026,248,42.218037148,10001101
8,802026,249,42.218037148,01110010
8,802026,250,42.218037148,10001101
8,802026,251,42.218037148,10001101
8,802026,252,42.218037148,10001101
8,802026,253,42.218037148,01110010
8,802026,254,42.218037148,10001101
8,802026,255,42.218037148,10001101
8,802026,256,42.218037148,10001101
8,802026,257,42.218037148,01110010
8,802026,258,42.218037148,10001101
8,802026,259,42.218037148,01110010
8,802026,260,42.218037148,10001101
8,802026,261,42.218037148,10001101
8,802026,262,42.218037148,10001101
8,802026,263,42.218037148,01110010
8,802026,264,42.218037148,01110010
8,802026,265,42.218037148,01110010
8,802026,266,42.218037148,01110010
8,802026,267,42.218037148,10001101
8,802026,268,42.218037148,10001101
8,802026,269,42.218037148,01110010
8,802026,270,42.218037148,01110010
8,802026,271,42.218037148,01110010
8,802026,272,42.218037148,10001101
8,802026,273,42.218037148,01110010
8,802026,274,42.218037148,01110010
8,802026,275,42.218037148,10001101
8,802026,276,42.218037148,01110010
8,802026,277,42.218037148,10001101
8,802026,278,42.218037148,10001101
8,802026,279,42.218037148,10001101
8,802026,280,42.218037148,01110010
8,802026,281,42.218037148,10001101
8,802026,282,42.218037148,01110010
8,802026,283,42.218037148,01110010
8,802026,284,42.218037148,10001101
8,802026,285,42.218037148,10001101
8,802026,286,42.218037148,10001101
8,802026,287,42.218037148,01110010
8,802026,288,42.218037148,01110010
8,802026,289,42.218037148,10001101
8,802026,290,42.218037148,10001101
8,802026,291,42.218037148,01110010
8,802026,292,42.218037148,01110010
8,802026,293,42.218037148,01110010
8,802026,294,42.218037148,10001101
8,802026,295,42.218037148,01110010
8,802026,296,42.218037148,01110010
8,802026,297,42.218037148,10001101
8,802026,298,42.218037148,01110010
8,802026,299,42.218037148,01110010
8,802026,300,42.218037148,10001101
8,802026,301,42.218037148,01110010
8,802026,302,42.218037148,10001101
8,802026,303,42.218037148,10001101
8,802026,304,42.218037148,01110010
8,802026,305,42.218037148,10001101
8,802026,306,42.218037148,01110010
8,802026,307,42.218037148,10001101
8,802026,308,42.218037148,01110010
8,802026,309,42.218037148,01110010
8,802026,310,42.218037148,10001101
8,802026,311,42.218037148,10001101
8,802026,312,42.218037148,01110010
8,802026,313,42.218037148,10001101
8,802026,314,42.218037148,01110010
8,802026,315,42.218037148,10001101
8,802026,316,42.218037148,01110010
8,802026,317,42.218037148,10001101
8,802026,318,42.218037148,10001101
8,802026,319,42.218037148,01110010
8,802026,320,42.218037148,01110010
8,802026,321,42.218037148,10001101
8,802026,322,42.218037148,01110010
8,802026,323,42.218037148,01110010
8,802026,324,42.218037148,10001101
8,802026,325,42.218037148,10001101
8,802026,326,42.218037148,10001101
8,802026,327,42.218037148,01110010
8,802026,328,42.218037148,10001101
8,802026,329,42.218037148,01110010
8,802026,330,42.218037148,10001101
8,802026,331,42.218037148,01110010
8,802026,332,42.218037148,01110010
8,802026,333,42.218037148,01110010
8,802026,334,42.218037148,01110010
8,802026,335,42.218037148,10001101
8,802026,336,42.218037148,10001101
8,802026,337,42.218037148,01110010
8,802026,338,42.218037148,01110010
8,802026,339,42.218037148,10001101
8,802026,340,42.218037148,10001101
8,802026,341,42.218037148,01110010
8,802026,342,42.218037148,01110010
8,802026,343,42.218037148,10001101
8,802026,344,42.218037148,10001101
8,802026,345,42.218037148,10001101
8,802026,346,42.218037148,01110010
8,802026,347,42.218037148,10001101
8,802026,348,42.218037148,01110010
8,802026,349,42.218037148,01110010
8,802026,350,42.218037148,10001101
8,802026,351,42.218037148,01110010
8,802026,352,42.218037148,01110010
8,802026,353,42.218037148,10001101
8,802026,354,42.218037148,01110010
8,802026,355,42.218037148,10001101
8,802026,356,42.218037148,01110010
8,802026,357,42.218037148,01110010
8,802026,358,42.218037148,01110010
8,802026,359,42.218037148,01110010
8,802026,360,42.218037148,10001101
8,802026,361,42.218037148,01110010
8,802026,362,42.218037148,01110010
8,802026,363,42.218037148,10001101
8,802026,364,42.218037148,01110010
8,802026,365,42.218037148,01110010
8,802026,366,42.218037148,10001101
8,802026,367,42.218037148,10001101
8,802026,368,42.218037148,01110010
8,802026,369,42.218037148,01110010
8,802026,370,42.218037148,10001101
8,802026,371,42.218037148,01110010
8,802026,372,42.218037148,01110010
8,802026,373,42.218037148,10001101
8,802026,374,42.218037148,10001101
8,802026,375,42.218037148,01110010
8,802026,376,42.218037148,10001101
8,802026,377,42.218037148,01110010
8,802026,378,42.218037148,10001101
8,802026,379,42.218037148,10001101
8,802026,380,42.218037148,10001101
8,802026,381,42.218037148,10001101
8,802026,382,42.218037148,10001101
8,802026,383,42.218037148,01110010
8,802026,384,42.218037148,10001101
8,802026,385,42.218037148,01110010
8,802026,386,42.218037148,01110010
8,802026,387,42.218037148,10001101
8,802026,388,42.218037148,01110010
8,802026,389,42.218037148,01110010
8,802026,390,42.218037148,01110010
8,802026,391,42.218037148,01110010
8,802026,392,42.218037148,10001101
8,802026,393,42.218037148,10001101
8,802026,394,42.218037148,10001101
8,802026,395,42.218037148,10001101
8,802026,396,42.218037148,10001101
8,802026,397,42.218037148,10001101
8,802026,398,42.218037148,01110010
8,802026,399,42.218037148,10001101
8,802026,400,42.218037148,10001101
8,802026,401,42.218037148,10001101
8,802026,402,42.218037148,01110010
8,802026,403,42.218037148,01110010
8,802026,404,42.218037148,10001101
8,802026,405,42.218037148,01110010
8,802026,406,42.218037148,01110010
8,802026,407,42.218037148,10001101
8,802026,408,42.218037148,10001101
8,802026,409,42.218037148,10001101
8,802026,410,42.218037148,10001101
8,802026,411,42.218037148,01110010
8,802026,412,42.218037148,10001101
8,802026,413,42.218037148,10001101
8,802026,414,42.218037148,01110010
8,802026,415,42.218037148,10001101
8,802026,416,42.218037148,01110010
8,802026,417,42.218037148,10001101
8,802026,418,42.218037148,10001101
8,802026,419,42.218037148,01110010
8,802026,420,42.218037148,01110010
8,802026,421,42.218037148,01110010
8,802026,422,42.218037148,01110010
8,802026,423,42.218037148,10001101
8,802026,424,42.218037148,01110010
8,802026,425,42.218037148,10001101
8,802026,426,42.218037148,01110010
8,802026,427,42.218037148,01110010
8,802026,428,42.218037148,01110010
8,802026,429,42.218037148,01110010
8,802026,430,42.218037148,01110010
8,802026,431,42.218037148,01110010
8,802026,432,42.218037148,01110010
8,802026,433,42.218037148,10001101
8,802026,434,42.218037148,01110010
8,802026,435,42.218037148,01110010
8,802026,436,42.218037148,10001101
8,802026,437,42.218037148,01110010
8,802026,438,42.218037148,10001101
8,802026,439,42.218037148,01110010
8,802026,440,42.218037148,01110010
8,802026,441,42.218037148,01110010
8,802026,442,42.218037148,10001101
8,802026,443,42.218037148,01110010
8,802026,444,42.218037148,01110010
8,802026,445,42.218037148,10001101
8,802026,446,42.218037148,10001101
8,802026,447,42.218037148,01110010
8,802026,448,42.218037148,01110010
8,802026,449,42.218037148,01110010
8,802026,450,42.218037148,10001101
8,802026,451,42.218037148,10001101
8,802026,452,42.218037148,10001101
8,802026,453,42.218037148,01110010
8,802026,454,42.218037148,01110010
8,802026,455,42.218037148,10001101
8,802026,456,42.218037148,10001101
8,802026,457,42.218037148,10001101
8,802026,458,42.218037148,10001101
8,802026,459,42.218037148,10001101
8,802026,460,42.218037148,10001101
8,802026,461,42.218037148,10001101
8,802026,462,42.218037148,01110010
8,802026,463,42.218037148,10001101
8,802026,464,42.218037148,01110010
8,802026,465,42.218037148,01110010
8,802026,466,42.218037148,01110010
8,802026,467,42.218037148,01110010
8,802026,468,42.218037148,01110010
8,802026,469,42.218037148,01110010
8,802026,470,42.218037148,10001101
8,802026,471,42.218037148,01110010
8,802026,472,42.218037148,01110010
8,802026,473,42.218037148,01110010
8,802026,474,42.218037148,10001101
8,802026,475,42.218037148,01110010
8,802026,476,42.218037148,01110010
8,802026,477,42.218037148,01110010
8,802026,478,42.218037148,10001101
8,802026,479,42.218037148,01110010
8,802026,480,42.218037148,01110010
8,802026,481,42.218037148,01110010
8,802026,482,42.218037148,10001101
8,802026,483,42.218037148,01110010
8,802026,484,42.218037148,10001101
8,802026,485,42.218037148,01110010
8,802026,486,42.218037148,01110010
8,802026,487,42.218037148,10001101
8,802026,488,42.218037148,10001101
8,802026,489,42.218037148,10001101
8,802026,490,42.218037148,10001101
8,802026,491,42.218037148,01110010
8,802026,492,42.218037148,01110010
8,802026,493,42.218037148,01110010
8,802026,494,42.218037148,10001101
8,802026,495,42.218037148,01110010
8,802026,496,42.218037148,10001101
8,802026,497,42.218037148,10001101
8,802026,498,42.218037148,10001101
8,802026,499,42.218037148,10001101
8,802026,500,42.218037148,10001101
8,802026,501,42.218037148,01110010
8,802026,502,42.218037148,01110010
8,802026,503,42.218037148,10001101
8,802026,504,42.218037148,10001101
8,802026,505,42.218037148,10001101
8,802026,506,42.218037148,01110010
8,802026,507,42.218037148,10001101
8,802026,508,42.218037148,01110010
8,802026,509,42.218037148,01110010
8,802026,510,42.218037148,01110010
8,802026,511,42.218037148,01110010
8,802026,512,42.218037148,10001101
8,802026,513,42.218037148,01110010
8,802026,514,42.218037148,10001101
8,802026,515,42.218037148,01110010
8,802026,516,42.218037148,10001101
8,802026,517,42.218037148,01110010
8,802026,518,42.218037148,01110010
8,802026,519,42.218037148,01110010
8,802026,520,42.218037148,01110010
8,802026,521,42.218037148,01110010
8,802026,522,42.218037148,10001101
8,802026,523,42.218037148,10001101
8,802026,524,42.218037148,10001101
8,802026,525,42.218037148,10001101
8,802026,526,42.218037148,01110010
8,802026,527,42.218037148,10001101
8,802026,528,42.218037148,10001101
8,802026,529,42.218037148,01110010
8,802026,530,42.218037148,01110010
8,802026,531,42.218037148,01110010
8,802026,532,42.218037148,01110010
8,802026,533,42.218037148,10001101
8,802026,534,42.218037148,01110010
8,802026,535,42.218037148,01110010
8,802026,536,42.218037148,01110010
8,802026,537,42.218037148,10001101
8,802026,538,42.218037148,10001101
8,802026,539,42.218037148,10001101
8,802026,540,42.218037148,10001101
8,802026,541,42.218037148,01110010
8,802026,542,42.218037148,10001101
8,802026,543,42.218037148,10001101
8,802026,544,42.218037148,10001101
8,802026,545,42.218037148,01110010
8,802026,546,42.218037148,01110010
8,802026,547,42.218037148,10001101
8,802026,548,42.218037148,01110010
8,802026,549,42.218037148,10001101
8,802026,550,42.218037148,01110010
8,802026,551,42.218037148,01110010
8,802026,552,42.218037148,01110010
8,802026,553,42.218037148,01110010
8,802026,554,42.218037148,01110010
8,802026,555,42.218037148,10001101
8,802026,556,42.218037148,10001101
8,802026,557,42.218037148,01110010
8,802026,558,42.218037148,01110010
8,802026,559,42.218037148,01110010
8,802026,560,42.218037148,10001101
8,802026,561,42.218037148,10001101
8,802026,562,42.218037148,10001101
8,802026,563,42.218037148,10001101
8,802026,564,42.218037148,01110010
8,802026,565,42.218037148,10001101
8,802026,566,42.218037148,10001101
8,802026,567,42.218037148,01110010
8,802026,568,42.218037148,01110010
8,802026,569,42.218037148,01110010
8,802026,570,42.218037148,10001101
8,802026,571,42.218037148,01110010
8,802026,572,42.218037148,01110010
8,802026,573,42.218037148,01110010
8,802026,574,42.218037148,01110010
8,802026,575,42.218037148,01110010
8,802026,576,42.218037148,10001101
8,802026,577,42.218037148,10001101
8,802026,578,42.218037148,10001101
8,802026,579,42.218037148,10001101
8,802026,580,42.218037148,01110010
8,802026,581,42.218037148,01110010
8,802026,582,42.218037148,01110010
8,802026,583,42.218037148,01110010
8,802026,584,42.218037148,01110010
8,802026,585,42.218037148,10001101
8,802026,586,42.218037148,10001101
8,802026,587,42.218037148,10001101
8,802026,588,42.218037148,01110010
8,802026,589,42.218037148,10001101
8,802026,590,42.218037148,10001101
8,802026,591,42.218037148,10001101
8,802026,592,42.218037148,01110010
8,802026,593,42.218037148,10001101
8,802026,594,42.218037148,01110010
8,802026,595,42.218037148,10001101
8,802026,596,42.218037148,01110010
8,802026,597,42.218037148,01110010
8,802026,598,42.218037148,01110010
8,802026,599,42.218037148,10001101
8,802026,600,42.218037148,10001101
8,802026,601,42.218037148,01110010
8,802026,602,42.218037148,01110010
8,802026,603,42.218037148,01110010
8,802026,604,42.218037148,10001101
8,802026,605,42.218037148,10001101
8,802026,606,42.218037148,10001101
8,802026,607,42.218037148,10001101
8,802026,608,42.218037148,10001101
8,802026,609,42.218037148,01110010
8,802026,610,42.218037148,10001101
8,802026,611,42.218037148,01110010
8,802026,612,42.218037148,10001101
8,802026,613,42.218037148,01110010
8,802026,614,42.218037148,10001101
8,802026,615,42.218037148,10001101
8,802026,616,42.218037148,10001101
8,802026,617,42.218037148,01110010
8,802026,618,42.218037148,01110010
8,802026,619,42.218037148,10001101
8,802026,620,42.218037148,01110010
8,802026,621,42.218037148,01110010
8,802026,622,42.218037148,10001101
8,802026,623,42.218037148,10001101
8,802026,624,42.218037148,01110010
8,802026,625,42.218037148,01110010
8,802026,626,42.218037148,10001101
8,802026,627,42.218037148,10001101
8,802026,628,42.218037148,01110010
8,802026,629,42.218037148,01110010
8,802026,630,42.218037148,10001101
8,802026,631,42.218037148,10001101
8,802026,632,42.218037148,01110010
8,802026,633,42.218037148,10001101
8,802026,634,42.218037148,01110010
8,802026,635,42.218037148,10001101
8,802026,636,42.218037148,01110010
8,802026,637,42.218037148,01110010
8,802026,638,42.218037148,10001101
8,802026,639,42.218037148,10001101
8,802026,640,42.218037148,01110010
8,802026,641,42.218037148,01110010
8,802026,642,42.218037148,10001101
8,802026,643,42.218037148,10001101
8,802026,644,42.218037148,10001101
8,802026,645,42.218037148,01110010
8,802026,646,42.218037148,10001101
8,802026,647,42.218037148,01110010
8,802026,648,42.218037148,10001101
8,802026,649,42.218037148,01110010
8,802026,650,42.218037148,10001101
8,802026,651,42.218037148,10001101
8,802026,652,42.218037148,10001101
8,802026,653,42.218037148,10001101
8,802026,654,42.218037148,10001101
8,802026,655,42.218037148,10001101
8,802026,656,42.218037148,01110010
8,802026,657,42.218037148,01110010
8,802026,658,42.218037148,01110010
8,802026,659,42.218037148,01110010
8,802026,660,42.218037148,01110010
8,802026,661,42.218037148,01110010
8,802026,662,42.218037148,01110010
8,802026,663,42.218037148,01110010
8,802026,664,42.218037148,10001101
8,802026,665,42.218037148,01110010
8,802026,666,42.218037148,01110010
8,802026,667,42.218037148,01110010
8,802026,668,42.218037148,10001101
8,802026,669,42.218037148,10001101
8,802026,670,42.218037148,01110010
8,802026,671,42.218037148,10001101
8,802026,672,42.218037148,01110010
8,802026,673,42.218037148,10001101
8,802026,674,42.218037148,10001101
8,802026,675,42.218037148,10001101
8,802026,676,42.218037148,10001101
8,802026,677,42.218037148,01110010
8,802026,678,42.218037148,10001101
8,802026,679,42.218037148,01110010
8,802026,680,42.218037148,01110010
8,802026,681,42.218037148,10001101
8,802026,682,42.218037148,01110010
8,802026,683,42.218037148,01110010
8,802026,684,42.218037148,10001101
8,802026,685,42.218037148,10001101
8,802026,686,42.218037148,01110010
8,802026,687,42.218037148,10001101
8,802026,688,42.218037148,10001101
8,802026,689,42.218037148,10001101
8,802026,690,42.218037148,01110010
8,802026,691,42.218037148,01110010
8,802026,692,42.218037148,01110010
8,802026,693,42.218037148,01110010
8,802026,694,42.218037148,10001101
8,802026,695,42.218037148,01110010
8,802026,696,42.218037148,10001101
8,802026,697,42.218037148,01110010
8,802026,698,42.218037148,10001101
8,802026,699,42.218037148,10001101
8,802026,700,42.218037148,10001101
8,802026,701,42.218037148,01110010
8,802026,702,42.218037148,10001101
8,802026,703,42.218037148,01110010
8,802026,704,42.218037148,01110010
8,802026,705,42.218037148,01110010
8,802026,706,42.218037148,01110010
8,802026,707,42.218037148,10001101
8,802026,708,42.218037148,01110010
8,802026,709,42.218037148,01110010
8,802026,710,42.218037148,01110010
8,802026,711,42.218037148,01110010
8,802026,712,42.218037148,01110010
8,802026,713,42.218037148,01110010
8,802026,714,42.218037148,01110010
8,802026,715,42.218037148,01110010
8,802026,716,42.218037148,10001101
8,802026,717,42.218037148,01110010
8,802026,718,42.218037148,01110010
8,802026,719,42.218037148,01110010
8,802026,720,42.218037148,10001101
8,802026,721,42.218037148,10001101
8,802026,722,42.218037148,01110010
8,802026,723,42.218037148,10001101
8,802026,724,42.218037148,10001101
8,802026,725,42.218037148,01110010
8,802026,726,42.218037148,01110010
8,802026,727,42.218037148,01110010
8,802026,728,42.218037148,10001101
8,802026,729,42.218037148,01110010
8,802026,730,42.218037148,10001101
8,802026,731,42.218037148,01110010
8,802026,732,42.218037148,01110010
8,802026,733,42.218037148,01110010
8,802026,734,42.218037148,01110010
8,802026,735,42.218037148,01110010
8,802026,736,42.218037148,10001101
8,802026,737,42.218037148,10001101
8,802026,738,42.218037148,01110010
8,802026,739,42.218037148,01110010
8,802026,740,42.218037148,01110010
8,802026,741,42.218037148,10001101
8,802026,742,42.218037148,01110010
8,802026,743,42.218037148,01110010
8,802026,744,42.218037148,10001101
8,802026,745,42.218037148,10001101
8,802026,746,42.218037148,01110010
8,802026,747,42.218037148,10001101
8,802026,748,42.218037148,10001101
8,802026,749,42.218037148,01110010
8,802026,750,42.218037148,10001101
8,802026,751,42.218037148,01110010
8,802026,752,42.218037148,10001101
8,802026,753,42.218037148,10001101
8,802026,754,42.218037148,01110010
8,802026,755,42.218037148,01110010
8,802026,756,42.218037148,01110010
8,802026,757,42.218037148,01110010
8,802026,758,42.218037148,01110010
8,802026,759,42.218037148,10001101
8,802026,760,42.218037148,01110010
8,802026,761,42.218037148,01110010
8,802026,762,42.218037148,01110010
8,802026,763,42.218037148,10001101
8,802026,764,42.218037148,01110010
8,802026,765,42.218037148,01110010
8,802026,766,42.218037148,10001101
8,802026,767,42.218037148,01110010
8,802026,768,42.218037148,01110010
8,802026,769,42.218037148,10001101
8,802026,770,42.218037148,10001101
8,802026,771,42.218037148,10001101
8,802026,772,42.218037148,01110010
8,802026,773,42.218037148,01110010
8,802026,774,42.218037148,01110010
8,802026,775,42.218037148,01110010
8,802026,776,42.218037148,01110010
8,802026,777,42.218037148,01110010
8,802026,778,42.218037148,01110010
8,802026,779,42.218037148,10001101
8,802026,780,42.218037148,10001101
8,802026,781,42.218037148,10001101
8,802026,782,42.218037148,01110010
8,802026,783,42.218037148,10001101
8,802026,784,42.218037148,10001101
8,802026,785,42.218037148,01110010
8,802026,786,42.218037148,10001101
8,802026,787,42.218037148,10001101
8,802026,788,42.218037148,01110010
8,802026,789,42.218037148,01110010
8,802026,790,42.218037148,01110010
8,802026,791,42.218037148,01110010
8,802026,792,42.218037148,10001101
8,802026,793,42.218037148,10001101
8,802026,794,42.218037148,10001101
8,802026,795,42.218037148,01110010
8,802026,796,42.218037148,01110010
8,802026,797,42.218037148,01110010
8,802026,798,42.218037148,10001101
8,802026,799,42.218037148,01110010
8,802026,800,42.218037148,01110010
8,802026,801,42.218037148,01110010
8,802026,802,42.218037148,10001101
8,802026,803,42.218037148,01110010
8,802026,804,42.218037148,10001101
8,802026,805,42.218037148,01110010
8,802026,806,42.218037148,10001101
8,802026,807,42.218037148,10001101
8,802026,808,42.218037148,01110010
8,802026,809,42.218037148,10001101
8,802026,810,42.218037148,10001101
8,802026,811,42.218037148,01110010
8,802026,812,42.218037148,01110010
8,802026,813,42.218037148,10001101
8,802026,814,42.218037148,01110010
8,802026,815,42.218037148,10001101
8,802026,816,42.218037148,10001101
8,802026,817,42.218037148,10001101
8,802026,818,42.218037148,10001101
8,802026,819,42.218037148,10001101
8,802026,820,42.218037148,10001101
8,802026,821,42.218037148,10001101
8,802026,822,42.218037148,10001101
8,802026,823,42.218037148,10001101
8,802026,824,42.218037148,01110010
8,802026,825,42.218037148,10001101
8,802026,826,42.218037148,01110010
8,802026,827,42.218037148,10001101
8,802026,828,42.218037148,01110010
8,802026,829,42.218037148,10001101
8,802026,830,42.218037148,01110010
8,802026,831,42.218037148,10001101
8,802026,832,42.218037148,01110010
8,802026,833,42.218037148,01110010
8,802026,834,42.218037148,01110010
8,802026,835,42.218037148,10001101
8,802026,836,42.218037148,01110010
8,802026,837,42.218037148,01110010
8,802026,838,42.218037148,10001101
8,802026,839,42.218037148,10001101
8,802026,840,42.218037148,01110010
8,802026,841,42.218037148,01110010
8,802026,842,42.218037148,10001101
8,802026,843,42.218037148,10001101
8,802026,844,42.218037148,01110010
8,802026,845,42.218037148,10001101
8,802026,846,42.218037148,10001101
8,802026,847,42.218037148,10001101
8,802026,848,42.218037148,01110010
8,802026,849,42.218037148,01110010
8,802026,850,42.218037148,10001101
8,802026,851,42.218037148,01110010
8,802026,852,42.218037148,01110010
8,802026,853,42.218037148,10001101
8,802026,854,42.218037148,10001101
8,802026,855,42.218037148,10001101
8,802026,856,42.218037148,10001101
8,802026,857,42.218037148,10001101
8,802026,858,42.218037148,01110010
8,802026,859,42.218037148,01110010
8,802026,860,42.218037148,01110010
8,802026,861,42.218037148,01110010
8,802026,862,42.218037148,01110010
8,802026,863,42.218037148,10001101
8,802026,864,42.218037148,01110010
8,802026,865,42.218037148,01110010
8,802026,866,42.218037148,01110010
8,802026,867,42.218037148,01110010
8,802026,868,42.218037148,10001101
8,802026,869,42.218037148,10001101
8,802026,870,42.218037148,10001101
8,802026,871,42.218037148,10001101
8,802026,872,42.218037148,01110010
8,802026,873,42.218037148,10001101
8,802026,874,42.218037148,01110010
8,802026,875,42.218037148,10001101
8,802026,876,42.218037148,10001101
8,802026,877,42.218037148,10001101
8,802026,878,42.218037148,10001101
8,802026,879,42.218037148,01110010
8,802026,880,42.218037148,01110010
8,802026,881,42.218037148,10001101
8,802026,882,42.218037148,10001101
8,802026,883,42.218037148,10001101
8,802026,884,42.218037148,01110010
8,802026,885,42.218037148,10001101
8,802026,886,42.218037148,10001101
8,802026,887,42.218037148,01110010
8,802026,888,42.218037148,10001101
8,802026,889,42.218037148,01110010
8,802026,890,42.218037148,01110010
8,802026,891,42.218037148,10001101
8,802026,892,42.218037148,01110010
8,802026,893,42.218037148,10001101
8,802026,894,42.218037148,10001101
8,802026,895,42.218037148,01110010
8,802026,896,42.218037148,10001101
8,802026,897,42.218037148,01110010
8,802026,898,42.218037148,01110010
8,802026,899,42.218037148,10001101
8,802026,900,42.218037148,01110010
8,802026,901,42.218037148,01110010
8,802026,902,42.218037148,10001101
8,802026,903,42.218037148,10001101
8,802026,904,42.218037148,01110010
8,802026,905,42.218037148,01110010
8,802026,906,42.218037148,01110010
8,802026,907,42.218037148,10001101
8,802026,908,42.218037148,01110010
8,802026,909,42.218037148,01110010
8,802026,910,42.218037148,01110010
8,802026,911,42.218037148,10001101
8,802026,912,42.218037148,10001101
8,802026,913,42.218037148,10001101
8,802026,914,42.218037148,10001101
8,802026,915,42.218037148,10001101
8,802026,916,42.218037148,01110010
8,802026,917,42.218037148,01110010
8,802026,918,42.218037148,01110010
8,802026,919,42.218037148,01110010
8,802026,920,42.218037148,01110010
8,802026,921,42.218037148,10001101
8,802026,922,42.218037148,01110010
8,802026,923,42.218037148,10001101
8,802026,924,42.218037148,01110010
8,802026,925,42.218037148,10001101
8,802026,926,42.218037148,10001101
8,802026,927,42.218037148,10001101
8,802026,928,42.218037148,01110010
8,802026,929,42.218037148,10001101
8,802026,930,42.218037148,01110010
8,802026,931,42.218037148,10001101
8,802026,932,42.218037148,01110010
8,802026,933,42.218037148,10001101
8,802026,934,42.218037148,10001101
8,802026,935,42.218037148,01110010
8,802026,936,42.218037148,10001101
8,802026,937,42.218037148,10001101
8,802026,938,42.218037148,01110010
8,802026,939,42.218037148,10001101
8,802026,940,42.218037148,10001101
8,802026,941,42.218037148,10001101
8,802026,942,42.218037148,10001101
8,802026,943,42.218037148,10001101
8,802026,944,42.218037148,01110010
8,802026,945,42.218037148,10001101
8,802026,946,42.218037148,01110010
8,802026,947,42.218037148,10001101
8,802026,948,42.218037148,01110010
8,802026,949,42.218037148,10001101
8,802026,950,42.218037148,01110010
8,802026,951,42.218037148,10001101
8,802026,952,42.218037148,10001101
8,802026,953,42.218037148,10001101
8,802026,954,42.218037148,10001101
8,802026,955,42.218037148,01110010
8,802026,956,42.218037148,01110010
8,802026,957,42.218037148,01110010
8,802026,958,42.218037148,10001101
8,802026,959,42.218037148,01110010
8,802026,960,42.218037148,01110010
8,802026,961,42.218037148,01110010
8,802026,962,42.218037148,10001101
8,802026,963,42.218037148,10001101
8,802026,964,42.218037148,10001101
8,802026,965,42.218037148,01110010
8,802026,966,42.218037148,10001101
8,802026,967,42.218037148,10001101
8,802026,968,42.218037148,10001101
8,802026,969,42.218037148,01110010
8,802026,970,42.218037148,10001101
8,802026,971,42.218037148,10001101
8,802026,972,42.218037148,01110010
8,802026,973,42.218037148,10001101
8,802026,974,42.218037148,10001101
8,802026,975,42.218037148,01110010
8,802026,976,42.218037148,01110010
8,802026,977,42.218037148,01110010
8,802026,978,42.218037148,01110010
8,802026,979,42.218037148,01110010
8,802026,980,42.218037148,01110010
8,802026,981,42.218037148,10001101
8,802026,982,42.218037148,10001101
8,802026,983,42.218037148,10001101
8,802026,984,42.218037148,01110010
8,802026,985,42.218037148,10001101
8,802026,986,42.218037148,10001101
8,802026,987,42.218037148,10001101
8,802026,988,42.218037148,10001101
8,802026,989,42.218037148,01110010
8,802026,990,42.218037148,01110010
8,802026,991,42.218037148,10001101
8,802026,992,42.218037148,01110010
8,802026,993,42.218037148,10001101
8,802026,994,42.218037148,01110010
8,802026,995,42.218037148,10001101
8,802026,996,42.218037148,10001101
8,802026,997,42.218037148,01110010
8,802026,998,42.218037148,10001101
8,802026,999,42.218037148,10001101
10,1002026,0,87.07504782800001,1000011101
10,1002026,1,87.07504782800001,0111100010
10,1002026,2,87.07504782800001,0111100010
10,1002026,3,87.07504782800001,0111100010
10,1002026,4,87.07504782800001,0111100010
10,1002026,5,87.07504782800001,1000011101
10,1002026,6,87.07504782800001,0111100010
10,1002026,7,87.07504782800001,1000011101
10,1002026,8,87.07504782800001,0111100010
10,1002026,9,87.07504782800001,0111100010
10,1002026,10,87.07504782800001,1000011101
10,1002026,11,87.07504782800001,0111100010
10,1002026,12,87.07504782800001,0111100010
10,1002026,13,87.07504782800001,0111100010
10,1002026,14,87.07504782800001,0111100010
10,1002026,15,87.07504782800001,1000011101
10,1002026,16,87.07504782800001,1000011101
10,1002026,17,87.07504782800001,0111100010
10,1002026,18,87.07504782800001,1000011101
10,1002026,19,87.07504782800001,1000011101
10,1002026,20,87.07504782800001,0111100010
10,1002026,21,87.07504782800001,1000011101
10,1002026,22,87.07504782800001,1000011101
10,1002026,23,87.07504782800001,1000011101
10,1002026,24,87.07504782800001,0111100010
10,1002026,25,87.07504782800001,1000011101
10,1002026,26,87.07504782800001,0111100010
10,1002026,27,87.07504782800001,0111100010
10,1002026,28,87.07504782800001,0111100010
10,1002026,29,87.07504782800001,1000011101
10,1002026,30,87.07504782800001,0111100010
10,1002026,31,87.07504782800001,0111100010
10,1002026,32,87.07504782800001,1000011101
10,1002026,33,87.07504782800001,0111100010
10,1002026,34,87.07504782800001,1000011101
10,1002026,35,87.07504782800001,1000011101
10,1002026,36,87.07504782800001,0111100010
10,1002026,37,87.07504782800001,1000011101
10,1002026,38,87.07504782800001,1000011101
10,1002026,39,87.07504782800001,1000011101
10,1002026,40,87.07504782800001,1000011101
10,1002026,41,87.07504782800001,0111100010
10,1002026,42,87.07504782800001,1000011101
10,1002026,43,87.07504782800001,0111100010
10,1002026,44,87.07504782800001,1000011101
10,1002026,45,87.07504782800001,0111100010
10,1002026,46,87.07504782800001,1000011101
10,1002026,47,87.07504782800001,0111100010
10,1002026,48,87.07504782800001,1000011101
10,1002026,49,87.07504782800001,1000011101
10,1002026,50,87.07504782800001,0111100010
10,1002026,51,87.07504782800001,1000011101
10,1002026,52,87.07504782800001,0111100010
10,1002026,53,87.07504782800001,0111100010
10,1002026,54,87.07504782800001,0111100010
10,1002026,55,87.07504782800001,0111100010
10,1002026,56,87.07504782800001,1000011101
10,1002026,57,87.07504782800001,0111100010
10,1002026,58,87.07504782800001,0111100010
10,1002026,59,87.07504782800001,1000011101
10,1002026,60,87.07504782800001,0111100010
10,1002026,61,87.07504782800001,1000011101
10,1002026,62,87.07504782800001,1000011101
10,1002026,63,87.07504782800001,0111100010
10,1002026,64,87.07504782800001,1000011101
10,1002026,65,87.07504782800001,1000011101
10,1002026,66,87.07504782800001,1000011101
10,1002026,67,87.07504782800001,0111100010
10,1002026,68,87.07504782800001,0111100010
10,1002026,69,87.07504782800001,1000011101
10,1002026,70,87.07504782800001,1000011101
10,1002026,71,87.07504782800001,0111100010
10,1002026,72,87.07504782800001,1000011101
10,1002026,73,87.07504782800001,1000011101
10,1002026,74,87.07504782800001,1000011101
10,1002026,75,87.07504782800001,1000011101
10,1002026,76,87.07504782800001,1000011101
10,1002026,77,87.07504782800001,0111100010
10,1002026,78,87.07504782800001,1000011101
10,1002026,79,87.07504782800001,1000011101
10,1002026,80,87.07504782800001,0111100010
10,1002026,81,87.07504782800001,0111100010
10,1002026,82,87.07504782800001,0111100010
10,1002026,83,87.07504782800001,1000011101
10,1002026,84,87.07504782800001,1000011101
10,1002026,85,87.07504782800001,0111100010
10,1002026,86,87.07504782800001,0111100010
10,1002026,87,87.07504782800001,1000011101
10,1002026,88,87.07504782800001,0111100010
10,1002026,89,87.07504782800001,1000011101
10,1002026,90,87.07504782800001,1000011101
10,1002026,91,87.07504782800001,1000011101
10,1002026,92,87.07504782800001,1000011101
10,1002026,93,87.07504782800001,0111100010
10,1002026,94,87.07504782800001,1000011101
10,1002026,95,87.07504782800001,0111100010
10,1002026,96,87.07504782800001,1000011101
10,1002026,97,87.07504782800001,1000011101
10,1002026,98,87.07504782800001,1000011101
10,1002026,99,87.07504782800001,0111100010
10,1002026,100,87.07504782800001,1000011101
10,1002026,101,87.07504782800001,1000011101
10,1002026,102,87.07504782800001,0111100010
10,1002026,103,87.07504782800001,1000011101
10,1002026,104,87.07504782800001,0111100010
10,1002026,105,87.07504782800001,1000011101
10,1002026,106,87.07504782800001,1000011101
10,1002026,107,87.07504782800001,0111100010
10,1002026,108,87.07504782800001,1000011101
10,1002026,109,87.07504782800001,0111100010
10,1002026,110,87.07504782800001,0111100010
10,1002026,111,87.07504782800001,0111100010
10,1002026,112,87.07504782800001,1000011101
10,1002026,113,87.07504782800001,0111100010
10,1002026,114,87.07504782800001,0111100010
10,1002026,115,87.07504782800001,0111100010
10,1002026,116,87.07504782800001,1000011101
10,1002026,117,87.07504782800001,0111100010
10,1002026,118,87.07504782800001,0111100010
10,1002026,119,87.07504782800001,1000011101
10,1002026,120,87.07504782800001,0111100010
10,1002026,121,87.07504782800001,0111100010
10,1002026,122,87.07504782800001,1000011101
10,1002026,123,87.07504782800001,0111100010
10,1002026,124,87.07504782800001,1000011101
10,1002026,125,87.07504782800001,0111100010
10,1002026,126,87.07504782800001,1000011101
10,1002026,127,87.07504782800001,0111100010
10,1002026,128,87.07504782800001,1000011101
10,1002026,129,87.07504782800001,1000011101
10,1002026,130,87.07504782800001,0111100010
10,1002026,131,87.07504782800001,1000011101
10,1002026,132,87.07504782800001,0111100010
10,1002026,133,87.07504782800001,0111100010
10,1002026,134,87.07504782800001,0111100010
10,1002026,135,87.07504782800001,1000011101
10,1002026,136,87.07504782800001,0111100010
10,1002026,137,87.07504782800001,1000011101
10,1002026,138,87.07504782800001,0111100010
10,1002026,139,87.07504782800001,0111100010
10,1002026,140,87.07504782800001,0111100010
10,1002026,141,87.07504782800001,1000011101
10,1002026,142,87.07504782800001,0111100010
10,1002026,143,87.07504782800001,0111100010
10,1002026,144,87.07504782800001,1000011101
10,1002026,145,87.07504782800001,1000011101
10,1002026,146,87.07504782800001,0111100010
10,1002026,147,87.07504782800001,0111100010
10,1002026,148,87.07504782800001,1000011101
10,1002026,149,87.07504782800001,0111100010
10,1002026,150,87.07504782800001,1000011101
10,1002026,151,87.07504782800001,0111100010
10,1002026,152,87.07504782800001,0111100010
10,1002026,153,87.07504782800001,0111100010
10,1002026,154,87.07504782800001,1000011101
10,1002026,155,87.07504782800001,0111100010
10,1002026,156,87.07504782800001,0111100010
10,1002026,157,87.07504782800001,1000011101
10,1002026,158,87.07504782800001,1000011101
10,1002026,159,87.07504782800001,1000011101
10,1002026,160,87.07504782800001,0111100010
10,1002026,161,87.07504782800001,1000011101
10,1002026,162,87.07504782800001,1000011101
10,1002026,163,87.07504782800001,0111100010
10,1002026,164,87.07504782800001,0111100010
10,1002026,165,87.07504782800001,1000011101
10,1002026,166,87.07504782800001,1000011101
10,1002026,167,87.07504782800001,1000011101
10,1002026,168,87.07504782800001,1000011101
10,1002026,169,87.07504782800001,0111100010
10,1002026,170,87.07504782800001,1000011101
10,1002026,171,87.07504782800001,0111100010
10,1002026,172,87.07504782800001,1000011101
10,1002026,173,87.07504782800001,0111100010
10,1002026,174,87.07504782800001,1000011101
10,1002026,175,87.07504782800001,1000011101
10,1002026,176,87.07504782800001,1000011101
10,1002026,177,87.07504782800001,1000011101
10,1002026,178,87.07504782800001,0111100010
10,1002026,179,87.07504782800001,1000011101
10,1002026,180,87.07504782800001,1000011101
10,1002026,181,87.07504782800001,1000011101
10,1002026,182,87.07504782800001,0111100010
10,1002026,183,87.07504782800001,0111100010
10,1002026,184,87.07504782800001,0111100010
10,1002026,185,87.07504782800001,0111100010
10,1002026,186,87.07504782800001,0111100010
10,1002026,187,87.07504782800001,0111100010
10,1002026,188,87.07504782800001,1000011101
10,1002026,189,87.07504782800001,1000011101
10,1002026,190,87.07504782800001,1000011101
10,1002026,191,87.07504782800001,0111100010
10,1002026,192,87.07504782800001,1000011101
10,1002026,193,87.07504782800001,1000011101
10,1002026,194,87.07504782800001,0111100010
10,1002026,195,87.07504782800001,1000011101
10,1002026,196,87.07504782800001,1000011101
10,1002026,197,87.07504782800001,1000011101
10,1002026,198,87.07504782800001,0111100010
10,1002026,199,87.07504782800001,1000011101
10,1002026,200,87.07504782800001,0111100010
10,1002026,201,87.07504782800001,1000011101
10,1002026,202,87.07504782800001,0111100010
10,1002026,203,87.07504782800001,0111100010
10,1002026,204,87.07504782800001,1000011101
10,1002026,205,87.07504782800001,1000011101
10,1002026,206,87.07504782800001,1000011101
10,1002026,207,87.07504782800001,0111100010
10,1002026,208,87.07504782800001,1000011101
10,1002026,209,87.07504782800001,1000011101
10,1002026,210,87.07504782800001,0111100010
10,1002026,211,87.07504782800001,1000011101
10,1002026,212,87.07504782800001,0111100010
10,1002026,213,87.07504782800001,0111100010
10,1002026,214,87.07504782800001,0111100010
10,1002026,215,87.07504782800001,1000011101
10,1002026,216,87.07504782800001,1000011101
10,1002026,217,87.07504782800001,0111100010
10,1002026,218,87.07504782800001,0111100010
10,1002026,219,87.07504782800001,0111100010
10,1002026,220,87.07504782800001,0111100010
10,1002026,221,87.07504782800001,0111100010
10,1002026,222,87.07504782800001,1000011101
10,1002026,223,87.07504782800001,1000011101
10,1002026,224,87.07504782800001,1000011101
10,1002026,225,87.07504782800001,1000011101
10,1002026,226,87.07504782800001,1000011101
10,1002026,227,87.07504782800001,1000011101
10,1002026,228,87.07504782800001,0111100010
10,1002026,229,87.07504782800001,0111100010
10,1002026,230,87.07504782800001,1000011101
10,1002026,231,87.07504782800001,0111100010
10,1002026,232,87.07504782800001,1000011101
10,1002026,233,87.07504782800001,1000011101
10,1002026,234,87.07504782800001,1000011101
10,1002026,235,87.07504782800001,0111100010
10,1002026,236,87.07504782800001,0111100010
10,1002026,237,87.07504782800001,1000011101
10,1002026,238,87.07504782800001,1000011101
10,1002026,239,87.07504782800001,0111100010
10,1002026,240,87.07504782800001,0111100010
10,1002026,241,87.07504782800001,0111100010
10,1002026,242,87.07504782800001,0111100010
10,1002026,243,87.07504782800001,0111100010
10,1002026,244,87.07504782800001,0111100010
10,1002026,245,87.07504782800001,1000011101
10,1002026,246,87.07504782800001,0111100010
10,1002026,247,87.07504782800001,0111100010
10,1002026,248,87.07504782800001,1000011101
10,1002026,249,87.07504782800001,1000011101
10,1002026,250,87.07504782800001,0111100010
10,1002026,251,87.07504782800001,1000011101
10,1002026,252,87.07504782800001,0111100010
10,1002026,253,87.07504782800001,1000011101
10,1002026,254,87.07504782800001,1000011101
10,1002026,255,87.07504782800001,0111100010
10,1002026,256,87.07504782800001,1000011101
10,1002026,257,87.07504782800001,1000011101
10,1002026,258,87.07504782800001,0111100010
10,1002026,259,87.07504782800001,0111100010
10,1002026,260,87.07504782800001,0111100010
10,1002026,261,87.07504782800001,0111100010
10,1002026,262,87.07504782800001,0111100010
10,1002026,263,87.07504782800001,0111100010
10,1002026,264,87.07504782800001,1000011101
10,1002026,265,87.07504782800001,0111100010
10,1002026,266,87.07504782800001,0111100010
10,1002026,267,87.07504782800001,1000011101
10,1002026,268,87.07504782800001,1000011101
10,1002026,269,87.07504782800001,1000011101
10,1002026,270,87.07504782800001,0111100010
10,1002026,271,87.07504782800001,1000011101
10,1002026,272,87.07504782800001,0111100010
10,1002026,273,87.07504782800001,1000011101
10,1002026,274,87.07504782800001,1000011101
10,1002026,275,87.07504782800001,1000011101
10,1002026,276,87.07504782800001,0111100010
10,1002026,277,87.07504782800001,1000011101
10,1002026,278,87.07504782800001,1000011101
10,1002026,279,87.07504782800001,0111100010
10,1002026,280,87.07504782800001,1000011101
10,1002026,281,87.07504782800001,1000011101
10,1002026,282,87.07504782800001,1000011101
10,1002026,283,87.07504782800001,1000011101
10,1002026,284,87.07504782800001,0111100010
10,1002026,285,87.07504782800001,1000011101
10,1002026,286,87.07504782800001,0111100010
10,1002026,287,87.07504782800001,0111100010
10,1002026,288,87.07504782800001,0111100010
10,1002026,289,87.07504782800001,1000011101
10,1002026,290,87.07504782800001,1000011101
10,1002026,291,87.07504782800001,0111100010
10,1002026,292,87.07504782800001,1000011101
10,1002026,293,87.07504782800001,0111100010
10,1002026,294,87.07504782800001,1000011101
10,1002026,295,87.07504782800001,0111100010
10,1002026,296,87.07504782800001,0111100010
10,1002026,297,87.07504782800001,1000011101
10,1002026,298,87.07504782800001,1000011101
10,1002026,299,87.07504782800001,0111100010
10,1002026,300,87.07504782800001,0111100010
10,1002026,301,87.07504782800001,1000011101
10,1002026,302,87.07504782800001,1000011101
10,1002026,303,87.07504782800001,0111100010
10,1002026,304,87.07504782800001,0111100010
10,1002026,305,87.07504782800001,1000011101
10,1002026,306,87.07504782800001,1000011101
10,1002026,307,87.07504782800001,0111100010
10,1002026,308,87.07504782800001,0111100010
10,1002026,309,87.07504782800001,0111100010
10,1002026,310,87.07504782800001,0111100010
10,1002026,311,87.07504782800001,0111100010
10,1002026,312,87.07504782800001,1000011101
10,1002026,313,87.07504782800001,1000011101
10,1002026,314,87.07504782800001,0111100010
10,1002026,315,87.07504782800001,1000011101
10,1002026,316,87.07504782800001,0111100010
10,1002026,317,87.07504782800001,1000011101
10,1002026,318,87.07504782800001,1000011101
10,1002026,319,87.07504782800001,0111100010
10,1002026,320,87.07504782800001,1000011101
10,1002026,321,87.07504782800001,0111100010
10,1002026,322,87.07504782800001,0111100010
10,1002026,323,87.07504782800001,1000011101
10,1002026,324,87.07504782800001,1000011101
10,1002026,325,87.07504782800001,1000011101
10,1002026,326,87.07504782800001,1000011101
10,1002026,327,87.07504782800001,0111100010
10,1002026,328,87.07504782800001,1000011101
10,1002026,329,87.07504782800001,1000011101
10,1002026,330,87.07504782800001,1000011101
10,1002026,331,87.07504782800001,1000011101
10,1002026,332,87.07504782800001,0111100010
10,1002026,333,87.07504782800001,1000011101
10,1002026,334,87.07504782800001,0111100010
10,1002026,335,87.07504782800001,1000011101
10,1002026,336,87.07504782800001,0111100010
10,1002026,337,87.07504782800001,0111100010
10,1002026,338,87.07504782800001,1000011101
10,1002026,339,87.07504782800001,0111100010
10,1002026,340,87.07504782800001,1000011101
10,1002026,341,87.07504782800001,0111100010
10,1002026,342,87.07504782800001,0111100010
10,1002026,343,87.07504782800001,1000011101
10,1002026,344,87.07504782800001,0111100010
10,1002026,345,87.07504782800001,0111100010
10,1002026,346,87.07504782800001,1000011101
10,1002026,347,87.07504782800001,1000011101
10,1002026,348,87.07504782800001,1000011101
10,1002026,349,87.07504782800001,1000011101
10,1002026,350,87.07504782800001,0111100010
10,1002026,351,87.07504782800001,0111100010
10,1002026,352,87.07504782800001,0111100010
10,1002026,353,87.07504782800001,0111100010
10,1002026,354,87.07504782800001,1000011101
10,1002026,355,87.07504782800001,1000011101
10,1002026,356,87.07504782800001,0111100010
10,1002026,357,87.07504782800001,1000011101
10,1002026,358,87.07504782800001,1000011101
10,1002026,359,87.07504782800001,1000011101
10,1002026,360,87.07504782800001,0111100010
10,1002026,361,87.07504782800001,0111100010
10,1002026,362,87.07504782800001,1000011101
10,1002026,363,87.07504782800001,1000011101
10,1002026,364,87.07504782800001,1000011101
10,1002026,365,87.07504782800001,1000011101
10,1002026,366,87.07504782800001,0111100010
10,1002026,367,87.07504782800001,0111100010
10,1002026,368,87.07504782800001,0111100010
10,1002026,369,87.07504782800001,1000011101
10,1002026,370,87.07504782800001,0111100010
10,1002026,371,87.07504782800001,0111100010
10,1002026,372,87.07504782800001,0111100010
10,1002026,373,87.07504782800001,1000011101
10,1002026,374,87.07504782800001,0111100010
10,1002026,375,87.07504782800001,1000011101
10,1002026,376,87.07504782800001,0111100010
10,1002026,377,87.07504782800001,1000011101
10,1002026,378,87.07504782800001,0111100010
10,1002026,379,87.07504782800001,0111100010
10,1002026,380,87.07504782800001,1000011101
10,1002026,381,87.07504782800001,1000011101
10,1002026,382,87.07504782800001,1000011101
10,1002026,383,87.07504782800001,0111100010
10,1002026,384,87.07504782800001,0111100010
10,1002026,385,87.07504782800001,1000011101
10,1002026,386,87.07504782800001,0111100010
10,1002026,387,87.07504782800001,0111100010
10,1002026,388,87.07504782800001,1000011101
10,1002026,389,87.07504782800001,1000011101
10,1002026,390,87.07504782800001,1000011101
10,1002026,391,87.07504782800001,1000011101
10,1002026,392,87.07504782800001,0111100010
10,1002026,393,87.07504782800001,0111100010
10,1002026,394,87.07504782800001,1000011101
10,1002026,395,87.07504782800001,0111100010
10,1002026,396,87.07504782800001,0111100010
10,1002026,397,87.07504782800001,0111100010
10,1002026,398,87.07504782800001,0111100010
10,1002026,399,87.07504782800001,0111100010
10,1002026,400,87.07504782800001,0111100010
10,1002026,401,87.07504782800001,1000011101
10,1002026,402,87.07504782800001,1000011101
10,1002026,403,87.07504782800001,0111100010
10,1002026,404,87.07504782800001,0111100010
10,1002026,405,87.07504782800001,1000011101
10,1002026,406,87.07504782800001,1000011101
10,1002026,407,87.07504782800001,1000011101
10,1002026,408,87.07504782800001,1000011101
10,1002026,409,87.07504782800001,0111100010
10,1002026,410,87.07504782800001,1000011101
10,1002026,411,87.07504782800001,0111100010
10,1002026,412,87.07504782800001,0111100010
10,1002026,413,87.07504782800001,0111100010
10,1002026,414,87.07504782800001,0111100010
10,1002026,415,87.07504782800001,1000011101
10,1002026,416,87.07504782800001,0111100010
10,1002026,417,87.07504782800001,0111100010
10,1002026,418,87.07504782800001,1000011101
10,1002026,419,87.07504782800001,0111100010
10,1002026,420,87.07504782800001,0111100010
10,1002026,421,87.07504782800001,1000011101
10,1002026,422,87.07504782800001,0111100010
10,1002026,423,87.07504782800001,0111100010
10,1002026,424,87.07504782800001,1000011101
10,1002026,425,87.07504782800001,1000011101
10,1002026,426,87.07504782800001,1000011101
10,1002026,427,87.07504782800001,0111100010
10,1002026,428,87.07504782800001,0111100010
10,1002026,429,87.07504782800001,1000011101
10,1002026,430,87.07504782800001,1000011101
10,1002026,431,87.07504782800001,1000011101
10,1002026,432,87.07504782800001,0111100010
10,1002026,433,87.07504782800001,1000011101
10,1002026,434,87.07504782800001,0111100010
10,1002026,435,87.07504782800001,1000011101
10,1002026,436,87.07504782800001,1000011101
10,1002026,437,87.07504782800001,1000011101
10,1002026,438,87.07504782800001,0111100010
10,1002026,439,87.07504782800001,0111100010
10,1002026,440,87.07504782800001,0111100010
10,1002026,441,87.07504782800001,0111100010
10,1002026,442,87.07504782800001,1000011101
10,1002026,443,87.07504782800001,1000011101
10,1002026,444,87.07504782800001,1000011101
10,1002026,445,87.07504782800001,0111100010
10,1002026,446,87.07504782800001,1000011101
10,1002026,447,87.07504782800001,1000011101
10,1002026,448,87.07504782800001,0111100010
10,1002026,449,87.07504782800001,1000011101
10,1002026,450,87.07504782800001,1000011101
10,1002026,451,87.07504782800001,0111100010
10,1002026,452,87.07504782800001,0111100010
10,1002026,453,87.07504782800001,1000011101
10,1002026,454,87.07504782800001,1000011101
10,1002026,455,87.07504782800001,0111100010
10,1002026,456,87.07504782800001,1000011101
10,1002026,457,87.07504782800001,0111100010
10,1002026,458,87.07504782800001,0111100010
10,1002026,459,87.07504782800001,1000011101
10,1002026,460,87.07504782800001,1000011101
10,1002026,461,87.07504782800001,1000011101
10,1002026,462,87.07504782800001,1000011101
10,1002026,463,87.07504782800001,0111100010
10,1002026,464,87.07504782800001,1000011101
10,1002026,465,87.07504782800001,1000011101
10,1002026,466,87.07504782800001,0111100010
10,1002026,467,87.07504782800001,1000011101
10,1002026,468,87.07504782800001,0111100010
10,1002026,469,87.07504782800001,1000011101
10,1002026,470,87.07504782800001,1000011101
10,1002026,471,87.07504782800001,1000011101
10,1002026,472,87.07504782800001,1000011101
10,1002026,473,87.07504782800001,1000011101
10,1002026,474,87.07504782800001,1000011101
10,1002026,475,87.07504782800001,0111100010
10,1002026,476,87.07504782800001,0111100010
10,1002026,477,87.07504782800001,0111100010
10,1002026,478,87.07504782800001,1000011101
10,1002026,479,87.07504782800001,1000011101
10,1002026,480,87.07504782800001,0111100010
10,1002026,481,87.07504782800001,1000011101
10,1002026,482,87.07504782800001,1000011101
10,1002026,483,87.07504782800001,1000011101
10,1002026,484,87.07504782800001,0111100010
10,1002026,485,87.07504782800001,0111100010
10,1002026,486,87.07504782800001,0111100010
10,1002026,487,87.07504782800001,0111100010
10,1002026,488,87.07504782800001,0111100010
10,1002026,489,87.07504782800001,1000011101
10,1002026,490,87.07504782800001,1000011101
10,1002026,491,87.07504782800001,0111100010
10,1002026,492,87.07504782800001,1000011101
10,1002026,493,87.07504782800001,0111100010
10,1002026,494,87.07504782800001,1000011101
10,1002026,495,87.07504782800001,1000011101
10,1002026,496,87.07504782800001,1000011101
10,1002026,497,87.07504782800001,1000011101
10,1002026,498,87.07504782800001,1000011101
10,1002026,499,87.07504782800001,1000011101
10,1002026,500,87.07504782800001,1000011101
10,1002026,501,87.07504782800001,0111100010
10,1002026,502,87.07504782800001,1000011101
10,1002026,503,87.07504782800001,1000011101
10,1002026,504,87.07504782800001,1000011101
10,1002026,505,87.07504782800001,1000011101
10,1002026,506,87.07504782800001,1000011101
10,1002026,507,87.07504782800001,0111100010
10,1002026,508,87.07504782800001,0111100010
10,1002026,509,87.07504782800001,0111100010
10,1002026,510,87.07504782800001,0111100010
10,1002026,511,87.07504782800001,1000011101
10,1002026,512,87.07504782800001,0111100010
10,1002026,513,87.07504782800001,1000011101
10,1002026,514,87.07504782800001,0111100010
10,1002026,515,87.07504782800001,0111100010
10,1002026,516,87.07504782800001,0111100010
10,1002026,517,87.07504782800001,0111100010
10,1002026,518,87.07504782800001,0111100010
10,1002026,519,87.07504782800001,0111100010
10,1002026,520,87.07504782800001,0111100010
10,1002026,521,87.07504782800001,1000011101
10,1002026,522,87.07504782800001,1000011101
10,1002026,523,87.07504782800001,0111100010
10,1002026,524,87.07504782800001,0111100010
10,1002026,525,87.07504782800001,0111100010
10,1002026,526,87.07504782800001,1000011101
10,1002026,527,87.07504782800001,0111100010
10,1002026,528,87.07504782800001,1000011101
10,1002026,529,87.07504782800001,1000011101
10,1002026,530,87.07504782800001,1000011101
10,1002026,531,87.07504782800001,1000011101
10,1002026,532,87.07504782800001,1000011101
10,1002026,533,87.07504782800001,1000011101
10,1002026,534,87.07504782800001,1000011101
10,1002026,535,87.07504782800001,0111100010
10,1002026,536,87.07504782800001,0111100010
10,1002026,537,87.07504782800001,1000011101
10,1002026,538,87.07504782800001,0111100010
10,1002026,539,87.07504782800001,0111100010
10,1002026,540,87.07504782800001,1000011101
10,1002026,541,87.07504782800001,1000011101
10,1002026,542,87.07504782800001,1000011101
10,1002026,543,87.07504782800001,1000011101
10,1002026,544,87.07504782800001,0111100010
10,1002026,545,87.07504782800001,0111100010
10,1002026,546,87.07504782800001,1000011101
10,1002026,547,87.07504782800001,0111100010
10,1002026,548,87.07504782800001,0111100010
10,1002026,549,87.07504782800001,1000011101
10,1002026,550,87.07504782800001,1000011101
10,1002026,551,87.07504782800001,1000011101
10,1002026,552,87.07504782800001,0111100010
10,1002026,553,87.07504782800001,1000011101
10,1002026,554,87.07504782800001,1000011101
10,1002026,555,87.07504782800001,0111100010
10,1002026,556,87.07504782800001,1000011101
10,1002026,557,87.07504782800001,1000011101
10,1002026,558,87.07504782800001,0111100010
10,1002026,559,87.07504782800001,1000011101
10,1002026,560,87.07504782800001,0111100010
10,1002026,561,87.07504782800001,1000011101
10,1002026,562,87.07504782800001,0111100010
10,1002026,563,87.07504782800001,1000011101
10,1002026,564,87.07504782800001,0111100010
10,1002026,565,87.07504782800001,0111100010
10,1002026,566,87.07504782800001,1000011101
10,1002026,567,87.07504782800001,1000011101
10,1002026,568,87.07504782800001,1000011101
10,1002026,569,87.07504782800001,0111100010
10,1002026,570,87.07504782800001,0111100010
10,1002026,571,87.07504782800001,1000011101
10,1002026,572,87.07504782800001,0111100010
10,1002026,573,87.07504782800001,1000011101
10,1002026,574,87.07504782800001,1000011101
10,1002026,575,87.07504782800001,0111100010
10,1002026,576,87.07504782800001,0111100010
10,1002026,577,87.07504782800001,0111100010
10,1002026,578,87.07504782800001,0111100010
10,1002026,579,87.07504782800001,1000011101
10,1002026,580,87.07504782800001,0111100010
10,1002026,581,87.07504782800001,1000011101
10,1002026,582,87.07504782800001,0111100010
10,1002026,583,87.07504782800001,0111100010
10,1002026,584,87.07504782800001,0111100010
10,1002026,585,87.07504782800001,1000011101
10,1002026,586,87.07504782800001,1000011101
10,1002026,587,87.07504782800001,0111100010
10,1002026,588,87.07504782800001,0111100010
10,1002026,589,87.07504782800001,1000011101
10,1002026,590,87.07504782800001,1000011101
10,1002026,591,87.07504782800001,1000011101
10,1002026,592,87.07504782800001,0111100010
10,1002026,593,87.07504782800001,0111100010
10,1002026,594,87.07504782800001,1000011101
10,1002026,595,87.07504782800001,0111100010
10,1002026,596,87.07504782800001,0111100010
10,1002026,597,87.07504782800001,1000011101
10,1002026,598,87.07504782800001,0111100010
10,1002026,599,87.07504782800001,1000011101
10,1002026,600,87.07504782800001,1000011101
10,1002026,601,87.07504782800001,1000011101
10,1002026,602,87.07504782800001,0111100010
10,1002026,603,87.07504782800001,0111100010
10,1002026,604,87.07504782800001,0111100010
10,1002026,605,87.07504782800001,1000011101
10,1002026,606,87.07504782800001,0111100010
10,1002026,607,87.07504782800001,1000011101
10,1002026,608,87.07504782800001,1000011101
10,1002026,609,87.07504782800001,0111100010
10,1002026,610,87.07504782800001,1000011101
10,1002026,611,87.07504782800001,1000011101
10,1002026,612,87.07504782800001,1000011101
10,1002026,613,87.07504782800001,0111100010
10,1002026,614,87.07504782800001,1000011101
10,1002026,615,87.07504782800001,0111100010
10,1002026,616,87.07504782800001,0111100010
10,1002026,617,87.07504782800001,1000011101
10,1002026,618,87.07504782800001,0111100010
10,1002026,619,87.07504782800001,1000011101
10,1002026,620,87.07504782800001,1000011101
10,1002026,621,87.07504782800001,0111100010
10,1002026,622,87.07504782800001,1000011101
10,1002026,623,87.07504782800001,0111100010
10,1002026,624,87.07504782800001,1000011101
10,1002026,625,87.07504782800001,0111100010
10,1002026,626,87.07504782800001,0111100010
10,1002026,627,87.07504782800001,1000011101
10,1002026,628,87.07504782800001,0111100010
10,1002026,629,87.07504782800001,1000011101
10,1002026,630,87.07504782800001,1000011101
10,1002026,631,87.07504782800001,0111100010
10,1002026,632,87.07504782800001,1000011101
10,1002026,633,87.07504782800001,1000011101
10,1002026,634,87.07504782800001,1000011101
10,1002026,635,87.07504782800001,0111100010
10,1002026,636,87.07504782800001,1000011101
10,1002026,637,87.07504782800001,1000011101
10,1002026,638,87.07504782800001,0111100010
10,1002026,639,87.07504782800001,0111100010
10,1002026,640,87.07504782800001,0111100010
10,1002026,641,87.07504782800001,0111100010
10,1002026,642,87.07504782800001,1000011101
10,1002026,643,87.07504782800001,0111100010
10,1002026,644,87.07504782800001,1000011101
10,1002026,645,87.07504782800001,1000011101
10,1002026,646,87.07504782800001,0111100010
10,1002026,647,87.07504782800001,1000011101
10,1002026,648,87.07504782800001,1000011101
10,1002026,649,87.07504782800001,1000011101
10,1002026,650,87.07504782800001,0111100010
10,1002026,651,87.07504782800001,1000011101
10,1002026,652,87.07504782800001,0111100010
10,1002026,653,87.07504782800001,0111100010
10,1002026,654,87.07504782800001,0111100010
10,1002026,655,87.07504782800001,1000011101
10,1002026,656,87.07504782800001,0111100010
10,1002026,657,87.07504782800001,1000011101
10,1002026,658,87.07504782800001,0111100010
10,1002026,659,87.07504782800001,1000011101
10,1002026,660,87.07504782800001,1000011101
10,1002026,661,87.07504782800001,1000011101
10,1002026,662,87.07504782800001,1000011101
10,1002026,663,87.07504782800001,1000011101
10,1002026,664,87.07504782800001,1000011101
10,1002026,665,87.07504782800001,0111100010
10,1002026,666,87.07504782800001,1000011101
10,1002026,667,87.07504782800001,1000011101
10,1002026,668,87.07504782800001,0111100010
10,1002026,669,87.07504782800001,0111100010
10,1002026,670,87.07504782800001,1000011101
10,1002026,671,87.07504782800001,1000011101
10,1002026,672,87.07504782800001,1000011101
10,1002026,673,87.07504782800001,1000011101
10,1002026,674,87.07504782800001,0111100010
10,1002026,675,87.07504782800001,1000011101
10,1002026,676,87.07504782800001,1000011101
10,1002026,677,87.07504782800001,0111100010
10,1002026,678,87.07504782800001,1000011101
10,1002026,679,87.07504782800001,0111100010
10,1002026,680,87.07504782800001,0111100010
10,1002026,681,87.07504782800001,1000011101
10,1002026,682,87.07504782800001,1000011101
10,1002026,683,87.07504782800001,0111100010
10,1002026,684,87.07504782800001,1000011101
10,1002026,685,87.07504782800001,1000011101
10,1002026,686,87.07504782800001,0111100010
10,1002026,687,87.07504782800001,0111100010
10,1002026,688,87.07504782800001,1000011101
10,1002026,689,87.07504782800001,1000011101
10,1002026,690,87.07504782800001,0111100010
10,1002026,691,87.07504782800001,0111100010
10,1002026,692,87.07504782800001,1000011101
10,1002026,693,87.07504782800001,0111100010
10,1002026,694,87.07504782800001,1000011101
10,1002026,695,87.07504782800001,1000011101
10,1002026,696,87.07504782800001,1000011101
10,1002026,697,87.07504782800001,1000011101
10,1002026,698,87.07504782800001,1000011101
10,1002026,699,87.07504782800001,0111100010
10,1002026,700,87.07504782800001,0111100010
10,1002026,701,87.07504782800001,0111100010
10,1002026,702,87.07504782800001,0111100010
10,1002026,703,87.07504782800001,1000011101
10,1002026,704,87.07504782800001,1000011101
10,1002026,705,87.07504782800001,0111100010
10,1002026,706,87.07504782800001,1000011101
10,1002026,707,87.07504782800001,1000011101
10,1002026,708,87.07504782800001,0111100010
10,1002026,709,87.07504782800001,0111100010
10,1002026,710,87.07504782800001,1000011101
10,1002026,711,87.07504782800001,1000011101
10,1002026,712,87.07504782800001,1000011101
10,1002026,713,87.07504782800001,1000011101
10,1002026,714,87.07504782800001,1000011101
10,1002026,715,87.07504782800001,1000011101
10,1002026,716,87.07504782800001,0111100010
10,1002026,717,87.07504782800001,1000011101
10,1002026,718,87.07504782800001,0111100010
10,1002026,719,87.07504782800001,0111100010
10,1002026,720,87.07504782800001,1000011101
10,1002026,721,87.07504782800001,1000011101
10,1002026,722,87.07504782800001,0111100010
10,1002026,723,87.07504782800001,1000011101
10,1002026,724,87.07504782800001,0111100010
10,1002026,725,87.07504782800001,0111100010
10,1002026,726,87.07504782800001,0111100010
10,1002026,727,87.07504782800001,0111100010
10,1002026,728,87.07504782800001,0111100010
10,1002026,729,87.07504782800001,0111100010
10,1002026,730,87.07504782800001,0111100010
10,1002026,731,87.07504782800001,0111100010
10,1002026,732,87.07504782800001,1000011101
10,1002026,733,87.07504782800001,1000011101
10,1002026,734,87.07504782800001,1000011101
10,1002026,735,87.07504782800001,0111100010
10,1002026,736,87.07504782800001,1000011101
10,1002026,737,87.07504782800001,0111100010
10,1002026,738,87.07504782800001,1000011101
10,1002026,739,87.07504782800001,0111100010
10,1002026,740,87.07504782800001,1000011101
10,1002026,741,87.07504782800001,0111100010
10,1002026,742,87.07504782800001,1000011101
10,1002026,743,87.07504782800001,0111100010
10,1002026,744,87.07504782800001,1000011101
10,1002026,745,87.07504782800001,1000011101
10,1002026,746,87.07504782800001,0111100010
10,1002026,747,87.07504782800001,1000011101
10,1002026,748,87.07504782800001,1000011101
10,1002026,749,87.07504782800001,0111100010
10,1002026,750,87.07504782800001,0111100010
10,1002026,751,87.07504782800001,1000011101
10,1002026,752,87.07504782800001,1000011101
10,1002026,753,87.07504782800001,0111100010
10,1002026,754,87.07504782800001,1000011101
10,1002026,755,87.07504782800001,0111100010
10,1002026,756,87.07504782800001,0111100010
10,1002026,757,87.07504782800001,1000011101
10,1002026,758,87.07504782800001,1000011101
10,1002026,759,87.07504782800001,1000011101
10,1002026,760,87.07504782800001,0111100010
10,1002026,761,87.07504782800001,0111100010
10,1002026,762,87.07504782800001,0111100010
10,1002026,763,87.07504782800001,0111100010
10,1002026,764,87.07504782800001,0111100010
10,1002026,765,87.07504782800001,0111100010
10,1002026,766,87.07504782800001,1000011101
10,1002026,767,87.07504782800001,1000011101
10,1002026,768,87.07504782800001,0111100010
10,1002026,769,87.07504782800001,0111100010
10,1002026,770,87.07504782800001,0111100010
10,1002026,771,87.07504782800001,1000011101
10,1002026,772,87.07504782800001,1000011101
10,1002026,773,87.07504782800001,1000011101
10,1002026,774,87.07504782800001,1000011101
10,1002026,775,87.07504782800001,0111100010
10,1002026,776,87.07504782800001,1000011101
10,1002026,777,87.07504782800001,0111100010
10,1002026,778,87.07504782800001,0111100010
10,1002026,779,87.07504782800001,0111100010
10,1002026,780,87.07504782800001,0111100010
10,1002026,781,87.07504782800001,1000011101
10,1002026,782,87.07504782800001,1000011101
10,1002026,783,87.07504782800001,0111100010
10,1002026,784,87.07504782800001,0111100010
10,1002026,785,87.07504782800001,0111100010
10,1002026,786,87.07504782800001,1000011101
10,1002026,787,87.07504782800001,1000011101
10,1002026,788,87.07504782800001,0111100010
10,1002026,789,87.07504782800001,0111100010
10,1002026,790,87.07504782800001,1000011101
10,1002026,791,87.07504782800001,1000011101
10,1002026,792,87.07504782800001,1000011101
10,1002026,793,87.07504782800001,0111100010
10,1002026,794,87.07504782800001,0111100010
10,1002026,795,87.07504782800001,1000011101
10,1002026,796,87.07504782800001,0111100010
10,1002026,797,87.07504782800001,0111100010
10,1002026,798,87.07504782800001,0111100010
10,1002026,799,87.07504782800001,1000011101
10,1002026,800,87.07504782800001,1000011101
10,1002026,801,87.07504782800001,1000011101
10,1002026,802,87.07504782800001,1000011101
10,1002026,803,87.07504782800001,1000011101
10,1002026,804,87.07504782800001,0111100010
10,1002026,805,87.07504782800001,1000011101
10,1002026,806,87.07504782800001,1000011101
10,1002026,807,87.07504782800001,0111100010
10,1002026,808,87.07504782800001,0111100010
10,1002026,809,87.07504782800001,0111100010
10,1002026,810,87.07504782800001,0111100010
10,1002026,811,87.07504782800001,1000011101
10,1002026,812,87.07504782800001,1000011101
10,1002026,813,87.07504782800001,0111100010
10,1002026,814,87.07504782800001,0111100010
10,1002026,815,87.07504782800001,0111100010
10,1002026,816,87.07504782800001,0111100010
10,1002026,817,87.07504782800001,1000011101
10,1002026,818,87.07504782800001,0111100010
10,1002026,819,87.07504782800001,1000011101
10,1002026,820,87.07504782800001,0111100010
10,1002026,821,87.07504782800001,0111100010
10,1002026,822,87.07504782800001,0111100010
10,1002026,823,87.07504782800001,0111100010
10,1002026,824,87.07504782800001,1000011101
10,1002026,825,87.07504782800001,1000011101
10,1002026,826,87.07504782800001,1000011101
10,1002026,827,87.07504782800001,1000011101
10,1002026,828,87.07504782800001,0111100010
10,1002026,829,87.07504782800001,1000011101
10,1002026,830,87.07504782800001,1000011101
10,1002026,831,87.07504782800001,1000011101
10,1002026,832,87.07504782800001,1000011101
10,1002026,833,87.07504782800001,1000011101
10,1002026,834,87.07504782800001,0111100010
10,1002026,835,87.07504782800001,0111100010
10,1002026,836,87.07504782800001,0111100010
10,1002026,837,87.07504782800001,1000011101
10,1002026,838,87.07504782800001,1000011101
10,1002026,839,87.07504782800001,0111100010
10,1002026,840,87.07504782800001,1000011101
10,1002026,841,87.07504782800001,1000011101
10,1002026,842,87.07504782800001,0111100010
10,1002026,843,87.07504782800001,0111100010
10,1002026,844,87.07504782800001,1000011101
10,1002026,845,87.07504782800001,1000011101
10,1002026,846,87.07504782800001,1000011101
10,1002026,847,87.07504782800001,1000011101
10,1002026,848,87.07504782800001,1000011101
10,1002026,849,87.07504782800001,0111100010
10,1002026,850,87.07504782800001,0111100010
10,1002026,851,87.07504782800001,1000011101
10,1002026,852,87.07504782800001,1000011101
10,1002026,853,87.07504782800001,1000011101
10,1002026,854,87.07504782800001,0111100010
10,1002026,855,87.07504782800001,1000011101
10,1002026,856,87.07504782800001,0111100010
10,1002026,857,87.07504782800001,1000011101
10,1002026,858,87.07504782800001,1000011101
10,1002026,859,87.07504782800001,0111100010
10,1002026,860,87.07504782800001,1000011101
10,1002026,861,87.07504782800001,0111100010
10,1002026,862,87.07504782800001,1000011101
10,1002026,863,87.07504782800001,0111100010
10,1002026,864,87.07504782800001,1000011101
10,1002026,865,87.07504782800001,0111100010
10,1002026,866,87.07504782800001,0111100010
10,1002026,867,87.07504782800001,0111100010
10,1002026,868,87.07504782800001,1000011101
10,1002026,869,87.07504782800001,1000011101
10,1002026,870,87.07504782800001,0111100010
10,1002026,871,87.07504782800001,1000011101
10,1002026,872,87.07504782800001,1000011101
10,1002026,873,87.07504782800001,0111100010
10,1002026,874,87.07504782800001,1000011101
10,1002026,875,87.07504782800001,0111100010
10,1002026,876,87.07504782800001,0111100010
10,1002026,877,87.07504782800001,1000011101
10,1002026,878,87.07504782800001,0111100010
10,1002026,879,87.07504782800001,0111100010
10,1002026,880,87.07504782800001,1000011101
10,1002026,881,87.07504782800001,1000011101
10,1002026,882,87.07504782800001,1000011101
10,1002026,883,87.07504782800001,0111100010
10,1002026,884,87.07504782800001,1000011101
10,1002026,885,87.07504782800001,1000011101
10,1002026,886,87.07504782800001,0111100010
10,1002026,887,87.07504782800001,0111100010
10,1002026,888,87.07504782800001,1000011101
10,1002026,889,87.07504782800001,0111100010
10,1002026,890,87.07504782800001,1000011101
10,1002026,891,87.07504782800001,1000011101
10,1002026,892,87.07504782800001,0111100010
10,1002026,893,87.07504782800001,1000011101
10,1002026,894,87.07504782800001,1000011101
10,1002026,895,87.07504782800001,1000011101
10,1002026,896,87.07504782800001,1000011101
10,1002026,897,87.07504782800001,1000011101
10,1002026,898,87.07504782800001,1000011101
10,1002026,899,87.07504782800001,1000011101
10,1002026,900,87.07504782800001,0111100010
10,1002026,901,87.07504782800001,0111100010
10,1002026,902,87.07504782800001,1000011101
10,1002026,903,87.07504782800001,0111100010
10,1002026,904,87.07504782800001,1000011101
10,1002026,905,87.07504782800001,0111100010
10,1002026,906,87.07504782800001,1000011101
10,1002026,907,87.07504782800001,1000011101
10,1002026,908,87.07504782800001,1000011101
10,1002026,909,87.07504782800001,0111100010
10,1002026,910,87.07504782800001,1000011101
10,1002026,911,87.07504782800001,0111100010
10,1002026,912,87.07504782800001,1000011101
10,1002026,913,87.07504782800001,1000011101
10,1002026,914,87.07504782800001,1000011101
10,1002026,915,87.07504782800001,0111100010
10,1002026,916,87.07504782800001,1000011101
10,1002026,917,87.07504782800001,0111100010
10,1002026,918,87.07504782800001,0111100010
10,1002026,919,87.07504782800001,0111100010
10,1002026,920,87.07504782800001,0111100010
10,1002026,921,87.07504782800001,1000011101
10,1002026,922,87.07504782800001,1000011101
10,1002026,923,87.07504782800001,1000011101
10,1002026,924,87.07504782800001,1000011101
10,1002026,925,87.07504782800001,0111100010
10,1002026,926,87.07504782800001,1000011101
10,1002026,927,87.07504782800001,1000011101
10,1002026,928,87.07504782800001,0111100010
10,1002026,929,87.07504782800001,1000011101
10,1002026,930,87.07504782800001,0111100010
10,1002026,931,87.07504782800001,1000011101
10,1002026,932,87.07504782800001,0111100010
10,1002026,933,87.07504782800001,0111100010
10,1002026,934,87.07504782800001,1000011101
10,1002026,935,87.07504782800001,0111100010
10,1002026,936,87.07504782800001,0111100010
10,1002026,937,87.07504782800001,1000011101
10,1002026,938,87.07504782800001,1000011101
10,1002026,939,87.07504782800001,0111100010
10,1002026,940,87.07504782800001,1000011101
10,1002026,941,87.07504782800001,0111100010
10,1002026,942,87.07504782800001,1000011101
10,1002026,943,87.07504782800001,1000011101
10,1002026,944,87.07504782800001,0111100010
10,1002026,945,87.07504782800001,0111100010
10,1002026,946,87.07504782800001,1000011101
10,1002026,947,87.07504782800001,1000011101
10,1002026,948,87.07504782800001,1000011101
10,1002026,949,87.07504782800001,0111100010
10,1002026,950,87.07504782800001,0111100010
10,1002026,951,87.07504782800001,1000011101
10,1002026,952,87.07504782800001,1000011101
10,1002026,953,87.07504782800001,1000011101
10,1002026,954,87.07504782800001,0111100010
10,1002026,955,87.07504782800001,1000011101
10,1002026,956,87.07504782800001,1000011101
10,1002026,957,87.07504782800001,1000011101
10,1002026,958,87.07504782800001,0111100010
10,1002026,959,87.07504782800001,1000011101
10,1002026,960,87.07504782800001,0111100010
10,1002026,961,87.07504782800001,1000011101
10,1002026,962,87.07504782800001,1000011101
10,1002026,963,87.07504782800001,1000011101
10,1002026,964,87.07504782800001,1000011101
10,1002026,965,87.07504782800001,0111100010
10,1002026,966,87.07504782800001,0111100010
10,1002026,967,87.07504782800001,0111100010
10,1002026,968,87.07504782800001,0111100010
10,1002026,969,87.07504782800001,1000011101
10,1002026,970,87.07504782800001,1000011101
10,1002026,971,87.07504782800001,1000011101
10,1002026,972,87.07504782800001,0111100010
10,1002026,973,87.07504782800001,1000011101
10,1002026,974,87.07504782800001,0111100010
10,1002026,975,87.07504782800001,1000011101
10,1002026,976,87.07504782800001,1000011101
10,1002026,977,87.07504782800001,1000011101
10,1002026,978,87.07504782800001,1000011101
10,1002026,979,87.07504782800001,0111100010
10,1002026,980,87.07504782800001,1000011101
10,1002026,981,87.07504782800001,1000011101
10,1002026,982,87.07504782800001,1000011101
10,1002026,983,87.07504782800001,0111100010
10,1002026,984,87.07504782800001,0111100010
10,1002026,985,87.07504782800001,0111100010
10,1002026,986,87.07504782800001,1000011101
10,1002026,987,87.07504782800001,0111100010
10,1002026,988,87.07504782800001,0111100010
10,1002026,989,87.07504782800001,0111100010
10,1002026,990,87.07504782800001,1000011101
10,1002026,991,87.07504782800001,0111100010
10,1002026,992,87.07504782800001,0111100010
10,1002026,993,87.07504782800001,0111100010
10,1002026,994,87.07504782800001,1000011101
10,1002026,995,87.07504782800001,0111100010
10,1002026,996,87.07504782800001,0111100010
10,1002026,997,87.07504782800001,1000011101
10,1002026,998,87.07504782800001,1000011101
10,1002026,999,87.07504782800001,1000011101
12,1202026,0,93.299621336,011110001010
12,1202026,1,93.299621336,100001110101
12,1202026,2,93.299621336,011110001010
12,1202026,3,93.299621336,011110001010
12,1202026,4,93.299621336,100001110101
12,1202026,5,93.299621336,100001110101
12,1202026,6,93.299621336,011110001010
12,1202026,7,93.299621336,011110001010
12,1202026,8,93.299621336,100001110101
12,1202026,9,93.299621336,011110001010
12,1202026,10,93.299621336,011110001010
12,1202026,11,93.299621336,100001110101
12,1202026,12,93.299621336,100001110101
12,1202026,13,93.299621336,100001110101
12,1202026,14,93.299621336,100001110101
12,1202026,15,93.299621336,100001110101
12,1202026,16,93.299621336,100001110101
12,1202026,17,93.299621336,100001110101
12,1202026,18,93.299621336,100001110101
12,1202026,19,93.299621336,011110001010
12,1202026,20,93.299621336,100001110101
12,1202026,21,93.299621336,100001110101
12,1202026,22,93.299621336,011110001010
12,1202026,23,93.299621336,011110001010
12,1202026,24,93.299621336,100001110101
12,1202026,25,93.299621336,100001110101
12,1202026,26,93.299621336,100001110101
12,1202026,27,93.299621336,011110001010
12,1202026,28,93.299621336,011110001010
12,1202026,29,93.299621336,011110001010
12,1202026,30,93.299621336,100001110101
12,1202026,31,93.299621336,011110001010
12,1202026,32,93.299621336,100001110101
12,1202026,33,93.299621336,100001110101
12,1202026,34,93.299621336,100001110101
12,1202026,35,93.299621336,011110001010
12,1202026,36,93.299621336,100001110101
12,1202026,37,93.299621336,100001110101
12,1202026,38,93.299621336,100001110101
12,1202026,39,93.299621336,100001110101
12,1202026,40,93.299621336,011110001010
12,1202026,41,93.299621336,100001110101
12,1202026,42,93.299621336,011110001010
12,1202026,43,93.299621336,011110001010
12,1202026,44,93.299621336,100001110101
12,1202026,45,93.299621336,011110001010
12,1202026,46,93.299621336,011110001010
12,1202026,47,93.299621336,011110001010
12,1202026,48,93.299621336,011110001010
12,1202026,49,93.299621336,100001110101
12,1202026,50,93.299621336,100001110101
12,1202026,51,93.299621336,011110001010
12,1202026,52,93.299621336,011110001010
12,1202026,53,93.299621336,011110001010
12,1202026,54,93.299621336,011110001010
12,1202026,55,93.299621336,100001110101
12,1202026,56,93.299621336,011110001010
12,1202026,57,93.299621336,011110001010
12,1202026,58,93.299621336,011110001010
12,1202026,59,93.299621336,011110001010
12,1202026,60,93.299621336,100001110101
12,1202026,61,93.299621336,011110001010
12,1202026,62,93.299621336,011110001010
12,1202026,63,93.299621336,100001110101
12,1202026,64,93.299621336,100001110101
12,1202026,65,93.299621336,011110001010
12,1202026,66,93.299621336,011110001010
12,1202026,67,93.299621336,011110001010
12,1202026,68,93.299621336,011110001010
12,1202026,69,93.299621336,100001110101
12,1202026,70,93.299621336,100001110101
12,1202026,71,93.299621336,011110001010
12,1202026,72,93.299621336,011110001010
12,1202026,73,93.299621336,100001110101
12,1202026,74,93.299621336,100001110101
12,1202026,75,93.299621336,100001110101
12,1202026,76,93.299621336,100001110101
12,1202026,77,93.299621336,011110001010
12,1202026,78,93.299621336,100001110101
12,1202026,79,93.299621336,011110001010
12,1202026,80,93.299621336,100001110101
12,1202026,81,93.299621336,100001110101
12,1202026,82,93.299621336,011110001010
12,1202026,83,93.299621336,100001110101
12,1202026,84,93.299621336,100001110101
12,1202026,85,93.299621336,100001110101
12,1202026,86,93.299621336,011110001010
12,1202026,87,93.299621336,011110001010
12,1202026,88,93.299621336,011110001010
12,1202026,89,93.299621336,100001110101
12,1202026,90,93.299621336,011110001010
12,1202026,91,93.299621336,100001110101
12,1202026,92,93.299621336,100001110101
12,1202026,93,93.299621336,011110001010
12,1202026,94,93.299621336,100001110101
12,1202026,95,93.299621336,011110001010
12,1202026,96,93.299621336,100001110101
12,1202026,97,93.299621336,011110001010
12,1202026,98,93.299621336,100001110101
12,1202026,99,93.299621336,011110001010
12,1202026,100,93.299621336,011110001010
12,1202026,101,93.299621336,100001110101
12,1202026,102,93.299621336,100001110101
12,1202026,103,93.299621336,100001110101
12,1202026,104,93.299621336,011110001010
12,1202026,105,93.299621336,100001110101
12,1202026,106,93.299621336,011110001010
12,1202026,107,93.299621336,011110001010
12,1202026,108,93.299621336,011110001010
12,1202026,109,93.299621336,011110001010
12,1202026,110,93.299621336,011110001010
12,1202026,111,93.299621336,011110001010
12,1202026,112,93.299621336,011110001010
12,1202026,113,93.299621336,011110001010
12,1202026,114,93.299621336,011110001010
12,1202026,115,93.299621336,011110001010
12,1202026,116,93.299621336,011110001010
12,1202026,117,93.299621336,100001110101
12,1202026,118,93.299621336,100001110101
12,1202026,119,93.299621336,011110001010
12,1202026,120,93.299621336,100001110101
12,1202026,121,93.299621336,100001110101
12,1202026,122,93.299621336,100001110101
12,1202026,123,93.299621336,100001110101
12,1202026,124,93.299621336,100001110101
12,1202026,125,93.299621336,011110001010
12,1202026,126,93.299621336,100001110101
12,1202026,127,93.299621336,011110001010
12,1202026,128,93.299621336,100001110101
12,1202026,129,93.299621336,011110001010
12,1202026,130,93.299621336,100001110101
12,1202026,131,93.299621336,100001110101
12,1202026,132,93.299621336,100001110101
12,1202026,133,93.299621336,100001110101
12,1202026,134,93.299621336,011110001010
12,1202026,135,93.299621336,100001110101
12,1202026,136,93.299621336,011110001010
12,1202026,137,93.299621336,100001110101
12,1202026,138,93.299621336,011110001010
12,1202026,139,93.299621336,011110001010
12,1202026,140,93.299621336,011110001010
12,1202026,141,93.299621336,011110001010
12,1202026,142,93.299621336,011110001010
12,1202026,143,93.299621336,100001110101
12,1202026,144,93.299621336,011110001010
12,1202026,145,93.299621336,011110001010
12,1202026,146,93.299621336,100001110101
12,1202026,147,93.299621336,100001110101
12,1202026,148,93.299621336,100001110101
12,1202026,149,93.299621336,011110001010
12,1202026,150,93.299621336,011110001010
12,1202026,151,93.299621336,011110001010
12,1202026,152,93.299621336,011110001010
12,1202026,153,93.299621336,100001110101
12,1202026,154,93.299621336,011110001010
12,1202026,155,93.299621336,011110001010
12,1202026,156,93.299621336,100001110101
12,1202026,157,93.299621336,100001110101
12,1202026,158,93.299621336,100001110101
12,1202026,159,93.299621336,011110001010
12,1202026,160,93.299621336,100001110101
12,1202026,161,93.299621336,011110001010
12,1202026,162,93.299621336,011110001010
12,1202026,163,93.299621336,011110001010
12,1202026,164,93.299621336,100001110101
12,1202026,165,93.299621336,100001110101
12,1202026,166,93.299621336,100001110101
12,1202026,167,93.299621336,011110001010
12,1202026,168,93.299621336,011110001010
12,1202026,169,93.299621336,011110001010
12,1202026,170,93.299621336,100001110101
12,1202026,171,93.299621336,100001110101
12,1202026,172,93.299621336,100001110101
12,1202026,173,93.299621336,011110001010
12,1202026,174,93.299621336,011110001010
12,1202026,175,93.299621336,011110001010
12,1202026,176,93.299621336,011110001010
12,1202026,177,93.299621336,100001110101
12,1202026,178,93.299621336,100001110101
12,1202026,179,93.299621336,100001110101
12,1202026,180,93.299621336,011110001010
12,1202026,181,93.299621336,011110001010
12,1202026,182,93.299621336,011110001010
12,1202026,183,93.299621336,011110001010
12,1202026,184,93.299621336,100001110101
12,1202026,185,93.299621336,011110001010
12,1202026,186,93.299621336,011110001010
12,1202026,187,93.299621336,100001110101
12,1202026,188,93.299621336,100001110101
12,1202026,189,93.299621336,011110001010
12,1202026,190,93.299621336,011110001010
12,1202026,191,93.299621336,100001110101
12,1202026,192,93.299621336,011110001010
12,1202026,193,93.299621336,100001110101
12,1202026,194,93.299621336,011110001010
12,1202026,195,93.299621336,100001110101
12,1202026,196,93.299621336,011110001010
12,1202026,197,93.299621336,011110001010
12,1202026,198,93.299621336,011110001010
12,1202026,199,93.299621336,011110001010
12,1202026,200,93.299621336,011110001010
12,1202026,201,93.299621336,100001110101
12,1202026,202,93.299621336,100001110101
12,1202026,203,93.299621336,100001110101
12,1202026,204,93.299621336,100001110101
12,1202026,205,93.299621336,011110001010
12,1202026,206,93.299621336,011110001010
12,1202026,207,93.299621336,100001110101
12,1202026,208,93.299621336,011110001010
12,1202026,209,93.299621336,100001110101
12,1202026,210,93.299621336,011110001010
12,1202026,211,93.299621336,011110001010
12,1202026,212,93.299621336,100001110101
12,1202026,213,93.299621336,100001110101
12,1202026,214,93.299621336,011110001010
12,1202026,215,93.299621336,011110001010
12,1202026,216,93.299621336,100001110101
12,1202026,217,93.299621336,100001110101
12,1202026,218,93.299621336,011110001010
12,1202026,219,93.299621336,011110001010
12,1202026,220,93.299621336,011110001010
12,1202026,221,93.299621336,100001110101
12,1202026,222,93.299621336,011110001010
12,1202026,223,93.299621336,100001110101
12,1202026,224,93.299621336,100001110101
12,1202026,225,93.299621336,100001110101
12,1202026,226,93.299621336,100001110101
12,1202026,227,93.299621336,100001110101
12,1202026,228,93.299621336,011110001010
12,1202026,229,93.299621336,011110001010
12,1202026,230,93.299621336,100001110101
12,1202026,231,93.299621336,011110001010
12,1202026,232,93.299621336,100001110101
12,1202026,233,93.299621336,100001110101
12,1202026,234,93.299621336,100001110101
12,1202026,235,93.299621336,100001110101
12,1202026,236,93.299621336,011110001010
12,1202026,237,93.299621336,011110001010
12,1202026,238,93.299621336,100001110101
12,1202026,239,93.299621336,011110001010
12,1202026,240,93.299621336,100001110101
12,1202026,241,93.299621336,100001110101
12,1202026,242,93.299621336,100001110101
12,1202026,243,93.299621336,100001110101
12,1202026,244,93.299621336,011110001010
12,1202026,245,93.299621336,100001110101
12,1202026,246,93.299621336,100001110101
12,1202026,247,93.299621336,100001110101
12,1202026,248,93.299621336,100001110101
12,1202026,249,93.299621336,011110001010
12,1202026,250,93.299621336,011110001010
12,1202026,251,93.299621336,100001110101
12,1202026,252,93.299621336,100001110101
12,1202026,253,93.299621336,100001110101
12,1202026,254,93.299621336,100001110101
12,1202026,255,93.299621336,100001110101
12,1202026,256,93.299621336,100001110101
12,1202026,257,93.299621336,011110001010
12,1202026,258,93.299621336,100001110101
12,1202026,259,93.299621336,100001110101
12,1202026,260,93.299621336,100001110101
12,1202026,261,93.299621336,100001110101
12,1202026,262,93.299621336,011110001010
12,1202026,263,93.299621336,011110001010
12,1202026,264,93.299621336,011110001010
12,1202026,265,93.299621336,011110001010
12,1202026,266,93.299621336,100001110101
12,1202026,267,93.299621336,100001110101
12,1202026,268,93.299621336,011110001010
12,1202026,269,93.299621336,100001110101
12,1202026,270,93.299621336,100001110101
12,1202026,271,93.299621336,100001110101
12,1202026,272,93.299621336,011110001010
12,1202026,273,93.299621336,100001110101
12,1202026,274,93.299621336,100001110101
12,1202026,275,93.299621336,011110001010
12,1202026,276,93.299621336,011110001010
12,1202026,277,93.299621336,011110001010
12,1202026,278,93.299621336,011110001010
12,1202026,279,93.299621336,100001110101
12,1202026,280,93.299621336,011110001010
12,1202026,281,93.299621336,011110001010
12,1202026,282,93.299621336,100001110101
12,1202026,283,93.299621336,100001110101
12,1202026,284,93.299621336,100001110101
12,1202026,285,93.299621336,011110001010
12,1202026,286,93.299621336,100001110101
12,1202026,287,93.299621336,011110001010
12,1202026,288,93.299621336,100001110101
12,1202026,289,93.299621336,100001110101
12,1202026,290,93.299621336,100001110101
12,1202026,291,93.299621336,011110001010
12,1202026,292,93.299621336,100001110101
12,1202026,293,93.299621336,011110001010
12,1202026,294,93.299621336,100001110101
12,1202026,295,93.299621336,011110001010
12,1202026,296,93.299621336,100001110101
12,1202026,297,93.299621336,011110001010
12,1202026,298,93.299621336,100001110101
12,1202026,299,93.299621336,100001110101
12,1202026,300,93.299621336,011110001010
12,1202026,301,93.299621336,011110001010
12,1202026,302,93.299621336,100001110101
12,1202026,303,93.299621336,100001110101
12,1202026,304,93.299621336,011110001010
12,1202026,305,93.299621336,011110001010
12,1202026,306,93.299621336,011110001010
12,1202026,307,93.299621336,100001110101
12,1202026,308,93.299621336,011110001010
12,1202026,309,93.299621336,011110001010
12,1202026,310,93.299621336,100001110101
12,1202026,311,93.299621336,011110001010
12,1202026,312,93.299621336,011110001010
12,1202026,313,93.299621336,100001110101
12,1202026,314,93.299621336,100001110101
12,1202026,315,93.299621336,100001110101
12,1202026,316,93.299621336,011110001010
12,1202026,317,93.299621336,011110001010
12,1202026,318,93.299621336,011110001010
12,1202026,319,93.299621336,011110001010
12,1202026,320,93.299621336,011110001010
12,1202026,321,93.299621336,011110001010
12,1202026,322,93.299621336,011110001010
12,1202026,323,93.299621336,011110001010
12,1202026,324,93.299621336,011110001010
12,1202026,325,93.299621336,011110001010
12,1202026,326,93.299621336,011110001010
12,1202026,327,93.299621336,011110001010
12,1202026,328,93.299621336,011110001010
12,1202026,329,93.299621336,100001110101
12,1202026,330,93.299621336,100001110101
12,1202026,331,93.299621336,011110001010
12,1202026,332,93.299621336,100001110101
12,1202026,333,93.299621336,100001110101
12,1202026,334,93.299621336,011110001010
12,1202026,335,93.299621336,011110001010
12,1202026,336,93.299621336,011110001010
12,1202026,337,93.299621336,011110001010
12,1202026,338,93.299621336,100001110101
12,1202026,339,93.299621336,011110001010
12,1202026,340,93.299621336,100001110101
12,1202026,341,93.299621336,100001110101
12,1202026,342,93.299621336,100001110101
12,1202026,343,93.299621336,011110001010
12,1202026,344,93.299621336,100001110101
12,1202026,345,93.299621336,011110001010
12,1202026,346,93.299621336,100001110101
12,1202026,347,93.299621336,011110001010
12,1202026,348,93.299621336,011110001010
12,1202026,349,93.299621336,011110001010
12,1202026,350,93.299621336,100001110101
12,1202026,351,93.299621336,100001110101
12,1202026,352,93.299621336,100001110101
12,1202026,353,93.299621336,011110001010
12,1202026,354,93.299621336,100001110101
12,1202026,355,93.299621336,100001110101
12,1202026,356,93.299621336,100001110101
12,1202026,357,93.299621336,011110001010
12,1202026,358,93.299621336,011110001010
12,1202026,359,93.299621336,011110001010
12,1202026,360,93.299621336,011110001010
12,1202026,361,93.299621336,011110001010
12,1202026,362,93.299621336,011110001010
12,1202026,363,93.299621336,100001110101
12,1202026,364,93.299621336,100001110101
12,1202026,365,93.299621336,011110001010
12,1202026,366,93.299621336,100001110101
12,1202026,367,93.299621336,011110001010
12,1202026,368,93.299621336,100001110101
12,1202026,369,93.299621336,011110001010
12,1202026,370,93.299621336,011110001010
12,1202026,371,93.299621336,100001110101
12,1202026,372,93.299621336,011110001010
12,1202026,373,93.299621336,100001110101
12,1202026,374,93.299621336,011110001010
12,1202026,375,93.299621336,100001110101
12,1202026,376,93.299621336,100001110101
12,1202026,377,93.299621336,011110001010
12,1202026,378,93.299621336,011110001010
12,1202026,379,93.299621336,011110001010
12,1202026,380,93.299621336,011110001010
12,1202026,381,93.299621336,011110001010
12,1202026,382,93.299621336,011110001010
12,1202026,383,93.299621336,100001110101
12,1202026,384,93.299621336,011110001010
12,1202026,385,93.299621336,100001110101
12,1202026,386,93.299621336,011110001010
12,1202026,387,93.299621336,100001110101
12,1202026,388,93.299621336,011110001010
12,1202026,389,93.299621336,100001110101
12,1202026,390,93.299621336,100001110101
12,1202026,391,93.299621336,100001110101
12,1202026,392,93.299621336,011110001010
12,1202026,393,93.299621336,011110001010
12,1202026,394,93.299621336,100001110101
12,1202026,395,93.299621336,100001110101
12,1202026,396,93.299621336,011110001010
12,1202026,397,93.299621336,011110001010
12,1202026,398,93.299621336,011110001010
12,1202026,399,93.299621336,011110001010
12,1202026,400,93.299621336,011110001010
12,1202026,401,93.299621336,100001110101
12,1202026,402,93.299621336,011110001010
12,1202026,403,93.299621336,100001110101
12,1202026,404,93.299621336,011110001010
12,1202026,405,93.299621336,100001110101
12,1202026,406,93.299621336,011110001010
12,1202026,407,93.299621336,011110001010
12,1202026,408,93.299621336,100001110101
12,1202026,409,93.299621336,100001110101
12,1202026,410,93.299621336,011110001010
12,1202026,411,93.299621336,100001110101
12,1202026,412,93.299621336,011110001010
12,1202026,413,93.299621336,100001110101
12,1202026,414,93.299621336,011110001010
12,1202026,415,93.299621336,100001110101
12,1202026,416,93.299621336,100001110101
12,1202026,417,93.299621336,011110001010
12,1202026,418,93.299621336,100001110101
12,1202026,419,93.299621336,011110001010
12,1202026,420,93.299621336,100001110101
12,1202026,421,93.299621336,011110001010
12,1202026,422,93.299621336,011110001010
12,1202026,423,93.299621336,011110001010
12,1202026,424,93.299621336,011110001010
12,1202026,425,93.299621336,011110001010
12,1202026,426,93.299621336,011110001010
12,1202026,427,93.299621336,100001110101
12,1202026,428,93.299621336,100001110101
12,1202026,429,93.299621336,011110001010
12,1202026,430,93.299621336,011110001010
12,1202026,431,93.299621336,100001110101
12,1202026,432,93.299621336,100001110101
12,1202026,433,93.299621336,011110001010
12,1202026,434,93.299621336,100001110101
12,1202026,435,93.299621336,011110001010
12,1202026,436,93.299621336,011110001010
12,1202026,437,93.299621336,011110001010
12,1202026,438,93.299621336,100001110101
12,1202026,439,93.299621336,011110001010
12,1202026,440,93.299621336,100001110101
12,1202026,441,93.299621336,011110001010
12,1202026,442,93.299621336,011110001010
12,1202026,443,93.299621336,011110001010
12,1202026,444,93.299621336,011110001010
12,1202026,445,93.299621336,011110001010
12,1202026,446,93.299621336,011110001010
12,1202026,447,93.299621336,011110001010
12,1202026,448,93.299621336,011110001010
12,1202026,449,93.299621336,100001110101
12,1202026,450,93.299621336,100001110101
12,1202026,451,93.299621336,100001110101
12,1202026,452,93.299621336,100001110101
12,1202026,453,93.299621336,011110001010
12,1202026,454,93.299621336,011110001010
12,1202026,455,93.299621336,011110001010
12,1202026,456,93.299621336,100001110101
12,1202026,457,93.299621336,011110001010
12,1202026,458,93.299621336,011110001010
12,1202026,459,93.299621336,011110001010
12,1202026,460,93.299621336,011110001010
12,1202026,461,93.299621336,100001110101
12,1202026,462,93.299621336,100001110101
12,1202026,463,93.299621336,011110001010
12,1202026,464,93.299621336,100001110101
12,1202026,465,93.299621336,011110001010
12,1202026,466,93.299621336,011110001010
12,1202026,467,93.299621336,100001110101
12,1202026,468,93.299621336,011110001010
12,1202026,469,93.299621336,011110001010
12,1202026,470,93.299621336,100001110101
12,1202026,471,93.299621336,011110001010
12,1202026,472,93.299621336,011110001010
12,1202026,473,93.299621336,100001110101
12,1202026,474,93.299621336,100001110101
12,1202026,475,93.299621336,100001110101
12,1202026,476,93.299621336,011110001010
12,1202026,477,93.299621336,011110001010
12,1202026,478,93.299621336,011110001010
12,1202026,479,93.299621336,011110001010
12,1202026,480,93.299621336,011110001010
12,1202026,481,93.299621336,100001110101
12,1202026,482,93.299621336,011110001010
12,1202026,483,93.299621336,011110001010
12,1202026,484,93.299621336,011110001010
12,1202026,485,93.299621336,100001110101
12,1202026,486,93.299621336,011110001010
12,1202026,487,93.299621336,100001110101
12,1202026,488,93.299621336,100001110101
12,1202026,489,93.299621336,100001110101
12,1202026,490,93.299621336,011110001010
12,1202026,491,93.299621336,100001110101
12,1202026,492,93.299621336,011110001010
12,1202026,493,93.299621336,011110001010
12,1202026,494,93.299621336,100001110101
12,1202026,495,93.299621336,100001110101
12,1202026,496,93.299621336,100001110101
12,1202026,497,93.299621336,011110001010
12,1202026,498,93.299621336,100001110101
12,1202026,499,93.299621336,011110001010
12,1202026,500,93.299621336,100001110101
12,1202026,501,93.299621336,100001110101
12,1202026,502,93.299621336,100001110101
12,1202026,503,93.299621336,011110001010
12,1202026,504,93.299621336,100001110101
12,1202026,505,93.299621336,100001110101
12,1202026,506,93.299621336,011110001010
12,1202026,507,93.299621336,100001110101
12,1202026,508,93.299621336,011110001010
12,1202026,509,93.299621336,100001110101
12,1202026,510,93.299621336,011110001010
12,1202026,511,93.299621336,011110001010
12,1202026,512,93.299621336,011110001010
12,1202026,513,93.299621336,100001110101
12,1202026,514,93.299621336,100001110101
12,1202026,515,93.299621336,100001110101
12,1202026,516,93.299621336,011110001010
12,1202026,517,93.299621336,100001110101
12,1202026,518,93.299621336,100001110101
12,1202026,519,93.299621336,100001110101
12,1202026,520,93.299621336,011110001010
12,1202026,521,93.299621336,011110001010
12,1202026,522,93.299621336,011110001010
12,1202026,523,93.299621336,100001110101
12,1202026,524,93.299621336,100001110101
12,1202026,525,93.299621336,100001110101
12,1202026,526,93.299621336,100001110101
12,1202026,527,93.299621336,100001110101
12,1202026,528,93.299621336,100001110101
12,1202026,529,93.299621336,011110001010
12,1202026,530,93.299621336,100001110101
12,1202026,531,93.299621336,011110001010
12,1202026,532,93.299621336,100001110101
12,1202026,533,93.299621336,100001110101
12,1202026,534,93.299621336,011110001010
12,1202026,535,93.299621336,011110001010
12,1202026,536,93.299621336,100001110101
12,1202026,537,93.299621336,011110001010
12,1202026,538,93.299621336,100001110101
12,1202026,539,93.299621336,100001110101
12,1202026,540,93.299621336,100001110101
12,1202026,541,93.299621336,100001110101
12,1202026,542,93.299621336,100001110101
12,1202026,543,93.299621336,011110001010
12,1202026,544,93.299621336,100001110101
12,1202026,545,93.299621336,100001110101
12,1202026,546,93.299621336,011110001010
12,1202026,547,93.299621336,011110001010
12,1202026,548,93.299621336,100001110101
12,1202026,549,93.299621336,100001110101
12,1202026,550,93.299621336,100001110101
12,1202026,551,93.299621336,011110001010
12,1202026,552,93.299621336,100001110101
12,1202026,553,93.299621336,100001110101
12,1202026,554,93.299621336,011110001010
12,1202026,555,93.299621336,011110001010
12,1202026,556,93.299621336,011110001010
12,1202026,557,93.299621336,011110001010
12,1202026,558,93.299621336,011110001010
12,1202026,559,93.299621336,100001110101
12,1202026,560,93.299621336,100001110101
12,1202026,561,93.299621336,100001110101
12,1202026,562,93.299621336,011110001010
12,1202026,563,93.299621336,011110001010
12,1202026,564,93.299621336,100001110101
12,1202026,565,93.299621336,100001110101
12,1202026,566,93.299621336,100001110101
12,1202026,567,93.299621336,100001110101
12,1202026,568,93.299621336,100001110101
12,1202026,569,93.299621336,100001110101
12,1202026,570,93.299621336,100001110101
12,1202026,571,93.299621336,100001110101
12,1202026,572,93.299621336,100001110101
12,1202026,573,93.299621336,011110001010
12,1202026,574,93.299621336,100001110101
12,1202026,575,93.299621336,100001110101
12,1202026,576,93.299621336,100001110101
12,1202026,577,93.299621336,011110001010
12,1202026,578,93.299621336,011110001010
12,1202026,579,93.299621336,100001110101
12,1202026,580,93.299621336,100001110101
12,1202026,581,93.299621336,011110001010
12,1202026,582,93.299621336,100001110101
12,1202026,583,93.299621336,011110001010
12,1202026,584,93.299621336,100001110101
12,1202026,585,93.299621336,100001110101
12,1202026,586,93.299621336,011110001010
12,1202026,587,93.299621336,100001110101
12,1202026,588,93.299621336,011110001010
12,1202026,589,93.299621336,100001110101
12,1202026,590,93.299621336,100001110101
12,1202026,591,93.299621336,011110001010
12,1202026,592,93.299621336,011110001010
12,1202026,593,93.299621336,011110001010
12,1202026,594,93.299621336,011110001010
12,1202026,595,93.299621336,011110001010
12,1202026,596,93.299621336,100001110101
12,1202026,597,93.299621336,011110001010
12,1202026,598,93.299621336,011110001010
12,1202026,599,93.299621336,011110001010
12,1202026,600,93.299621336,100001110101
12,1202026,601,93.299621336,011110001010
12,1202026,602,93.299621336,100001110101
12,1202026,603,93.299621336,100001110101
12,1202026,604,93.299621336,011110001010
12,1202026,605,93.299621336,100001110101
12,1202026,606,93.299621336,100001110101
12,1202026,607,93.299621336,100001110101
12,1202026,608,93.299621336,100001110101
12,1202026,609,93.299621336,100001110101
12,1202026,610,93.299621336,100001110101
12,1202026,611,93.299621336,011110001010
12,1202026,612,93.299621336,011110001010
12,1202026,613,93.299621336,100001110101
12,1202026,614,93.299621336,100001110101
12,1202026,615,93.299621336,011110001010
12,1202026,616,93.299621336,011110001010
12,1202026,617,93.299621336,100001110101
12,1202026,618,93.299621336,011110001010
12,1202026,619,93.299621336,011110001010
12,1202026,620,93.299621336,011110001010
12,1202026,621,93.299621336,100001110101
12,1202026,622,93.299621336,100001110101
12,1202026,623,93.299621336,100001110101
12,1202026,624,93.299621336,011110001010
12,1202026,625,93.299621336,100001110101
12,1202026,626,93.299621336,100001110101
12,1202026,627,93.299621336,011110001010
12,1202026,628,93.299621336,011110001010
12,1202026,629,93.299621336,011110001010
12,1202026,630,93.299621336,011110001010
12,1202026,631,93.299621336,011110001010
12,1202026,632,93.299621336,011110001010
12,1202026,633,93.299621336,100001110101
12,1202026,634,93.299621336,011110001010
12,1202026,635,93.299621336,011110001010
12,1202026,636,93.299621336,011110001010
12,1202026,637,93.299621336,011110001010
12,1202026,638,93.299621336,011110001010
12,1202026,639,93.299621336,011110001010
12,1202026,640,93.299621336,100001110101
12,1202026,641,93.299621336,100001110101
12,1202026,642,93.299621336,011110001010
12,1202026,643,93.299621336,100001110101
12,1202026,644,93.299621336,011110001010
12,1202026,645,93.299621336,011110001010
12,1202026,646,93.299621336,011110001010
12,1202026,647,93.299621336,011110001010
12,1202026,648,93.299621336,011110001010
12,1202026,649,93.299621336,011110001010
12,1202026,650,93.299621336,100001110101
12,1202026,651,93.299621336,100001110101
12,1202026,652,93.299621336,100001110101
12,1202026,653,93.299621336,100001110101
12,1202026,654,93.299621336,011110001010
12,1202026,655,93.299621336,100001110101
12,1202026,656,93.299621336,100001110101
12,1202026,657,93.299621336,100001110101
12,1202026,658,93.299621336,100001110101
12,1202026,659,93.299621336,100001110101
12,1202026,660,93.299621336,100001110101
12,1202026,661,93.299621336,100001110101
12,1202026,662,93.299621336,011110001010
12,1202026,663,93.299621336,100001110101
12,1202026,664,93.299621336,100001110101
12,1202026,665,93.299621336,100001110101
12,1202026,666,93.299621336,011110001010
12,1202026,667,93.299621336,100001110101
12,1202026,668,93.299621336,100001110101
12,1202026,669,93.299621336,100001110101
12,1202026,670,93.299621336,011110001010
12,1202026,671,93.299621336,100001110101
12,1202026,672,93.299621336,100001110101
12,1202026,673,93.299621336,100001110101
12,1202026,674,93.299621336,011110001010
12,1202026,675,93.299621336,100001110101
12,1202026,676,93.299621336,011110001010
12,1202026,677,93.299621336,011110001010
12,1202026,678,93.299621336,100001110101
12,1202026,679,93.299621336,011110001010
12,1202026,680,93.299621336,011110001010
12,1202026,681,93.299621336,011110001010
12,1202026,682,93.299621336,100001110101
12,1202026,683,93.299621336,011110001010
12,1202026,684,93.299621336,100001110101
12,1202026,685,93.299621336,011110001010
12,1202026,686,93.299621336,100001110101
12,1202026,687,93.299621336,100001110101
12,1202026,688,93.299621336,100001110101
12,1202026,689,93.299621336,100001110101
12,1202026,690,93.299621336,011110001010
12,1202026,691,93.299621336,100001110101
12,1202026,692,93.299621336,011110001010
12,1202026,693,93.299621336,100001110101
12,1202026,694,93.299621336,100001110101
12,1202026,695,93.299621336,100001110101
12,1202026,696,93.299621336,100001110101
12,1202026,697,93.299621336,011110001010
12,1202026,698,93.299621336,100001110101
12,1202026,699,93.299621336,100001110101
12,1202026,700,93.299621336,011110001010
12,1202026,701,93.299621336,100001110101
12,1202026,702,93.299621336,011110001010
12,1202026,703,93.299621336,011110001010
12,1202026,704,93.299621336,011110001010
12,1202026,705,93.299621336,100001110101
12,1202026,706,93.299621336,100001110101
12,1202026,707,93.299621336,011110001010
12,1202026,708,93.299621336,011110001010
12,1202026,709,93.299621336,011110001010
12,1202026,710,93.299621336,011110001010
12,1202026,711,93.299621336,011110001010
12,1202026,712,93.299621336,011110001010
12,1202026,713,93.299621336,011110001010
12,1202026,714,93.299621336,011110001010
12,1202026,715,93.299621336,011110001010
12,1202026,716,93.299621336,100001110101
12,1202026,717,93.299621336,011110001010
12,1202026,718,93.299621336,011110001010
12,1202026,719,93.299621336,011110001010
12,1202026,720,93.299621336,011110001010
12,1202026,721,93.299621336,100001110101
12,1202026,722,93.299621336,011110001010
12,1202026,723,93.299621336,100001110101
12,1202026,724,93.299621336,100001110101
12,1202026,725,93.299621336,011110001010
12,1202026,726,93.299621336,011110001010
12,1202026,727,93.299621336,011110001010
12,1202026,728,93.299621336,011110001010
12,1202026,729,93.299621336,011110001010
12,1202026,730,93.299621336,100001110101
12,1202026,731,93.299621336,100001110101
12,1202026,732,93.299621336,011110001010
12,1202026,733,93.299621336,011110001010
12,1202026,734,93.299621336,011110001010
12,1202026,735,93.299621336,100001110101
12,1202026,736,93.299621336,011110001010
12,1202026,737,93.299621336,011110001010
12,1202026,738,93.299621336,011110001010
12,1202026,739,93.299621336,100001110101
12,1202026,740,93.299621336,011110001010
12,1202026,741,93.299621336,011110001010
12,1202026,742,93.299621336,011110001010
12,1202026,743,93.299621336,100001110101
12,1202026,744,93.299621336,011110001010
12,1202026,745,93.299621336,100001110101
12,1202026,746,93.299621336,011110001010
12,1202026,747,93.299621336,100001110101
12,1202026,748,93.299621336,011110001010
12,1202026,749,93.299621336,011110001010
12,1202026,750,93.299621336,100001110101
12,1202026,751,93.299621336,011110001010
12,1202026,752,93.299621336,100001110101
12,1202026,753,93.299621336,100001110101
12,1202026,754,93.299621336,100001110101
12,1202026,755,93.299621336,011110001010
12,1202026,756,93.299621336,011110001010
12,1202026,757,93.299621336,011110001010
12,1202026,758,93.299621336,100001110101
12,1202026,759,93.299621336,011110001010
12,1202026,760,93.299621336,100001110101
12,1202026,761,93.299621336,011110001010
12,1202026,762,93.299621336,011110001010
12,1202026,763,93.299621336,011110001010
12,1202026,764,93.299621336,100001110101
12,1202026,765,93.299621336,100001110101
12,1202026,766,93.299621336,011110001010
12,1202026,767,93.299621336,011110001010
12,1202026,768,93.299621336,100001110101
12,1202026,769,93.299621336,011110001010
12,1202026,770,93.299621336,011110001010
12,1202026,771,93.299621336,100001110101
12,1202026,772,93.299621336,011110001010
12,1202026,773,93.299621336,011110001010
12,1202026,774,93.299621336,100001110101
12,1202026,775,93.299621336,100001110101
12,1202026,776,93.299621336,011110001010
12,1202026,777,93.299621336,011110001010
12,1202026,778,93.299621336,100001110101
12,1202026,779,93.299621336,011110001010
12,1202026,780,93.299621336,100001110101
12,1202026,781,93.299621336,100001110101
12,1202026,782,93.299621336,011110001010
12,1202026,783,93.299621336,100001110101
12,1202026,784,93.299621336,100001110101
12,1202026,785,93.299621336,011110001010
12,1202026,786,93.299621336,011110001010
12,1202026,787,93.299621336,011110001010
12,1202026,788,93.299621336,100001110101
12,1202026,789,93.299621336,011110001010
12,1202026,790,93.299621336,100001110101
12,1202026,791,93.299621336,100001110101
12,1202026,792,93.299621336,011110001010
12,1202026,793,93.299621336,100001110101
12,1202026,794,93.299621336,100001110101
12,1202026,795,93.299621336,011110001010
12,1202026,796,93.299621336,100001110101
12,1202026,797,93.299621336,011110001010
12,1202026,798,93.299621336,011110001010
12,1202026,799,93.299621336,100001110101
12,1202026,800,93.299621336,100001110101
12,1202026,801,93.299621336,011110001010
12,1202026,802,93.299621336,100001110101
12,1202026,803,93.299621336,011110001010
12,1202026,804,93.299621336,011110001010
12,1202026,805,93.299621336,100001110101
12,1202026,806,93.299621336,100001110101
12,1202026,807,93.299621336,100001110101
12,1202026,808,93.299621336,011110001010
12,1202026,809,93.299621336,011110001010
12,1202026,810,93.299621336,011110001010
12,1202026,811,93.299621336,011110001010
12,1202026,812,93.299621336,011110001010
12,1202026,813,93.299621336,011110001010
12,1202026,814,93.299621336,100001110101
12,1202026,815,93.299621336,100001110101
12,1202026,816,93.299621336,100001110101
12,1202026,817,93.299621336,100001110101
12,1202026,818,93.299621336,011110001010
12,1202026,819,93.299621336,100001110101
12,1202026,820,93.299621336,011110001010
12,1202026,821,93.299621336,011110001010
12,1202026,822,93.299621336,011110001010
12,1202026,823,93.299621336,011110001010
12,1202026,824,93.299621336,011110001010
12,1202026,825,93.299621336,100001110101
12,1202026,826,93.299621336,011110001010
12,1202026,827,93.299621336,011110001010
12,1202026,828,93.299621336,011110001010
12,1202026,829,93.299621336,100001110101
12,1202026,830,93.299621336,011110001010
12,1202026,831,93.299621336,011110001010
12,1202026,832,93.299621336,011110001010
12,1202026,833,93.299621336,011110001010
12,1202026,834,93.299621336,100001110101
12,1202026,835,93.299621336,011110001010
12,1202026,836,93.299621336,100001110101
12,1202026,837,93.299621336,011110001010
12,1202026,838,93.299621336,011110001010
12,1202026,839,93.299621336,100001110101
12,1202026,840,93.299621336,011110001010
12,1202026,841,93.299621336,100001110101
12,1202026,842,93.299621336,011110001010
12,1202026,843,93.299621336,100001110101
12,1202026,844,93.299621336,011110001010
12,1202026,845,93.299621336,011110001010
12,1202026,846,93.299621336,011110001010
12,1202026,847,93.299621336,100001110101
12,1202026,848,93.299621336,011110001010
12,1202026,849,93.299621336,011110001010
12,1202026,850,93.299621336,011110001010
12,1202026,851,93.299621336,100001110101
12,1202026,852,93.299621336,011110001010
12,1202026,853,93.299621336,011110001010
12,1202026,854,93.299621336,100001110101
12,1202026,855,93.299621336,100001110101
12,1202026,856,93.299621336,100001110101
12,1202026,857,93.299621336,011110001010
12,1202026,858,93.299621336,011110001010
12,1202026,859,93.299621336,100001110101
12,1202026,860,93.299621336,011110001010
12,1202026,861,93.299621336,100001110101
12,1202026,862,93.299621336,100001110101
12,1202026,863,93.299621336,011110001010
12,1202026,864,93.299621336,100001110101
12,1202026,865,93.299621336,011110001010
12,1202026,866,93.299621336,100001110101
12,1202026,867,93.299621336,011110001010
12,1202026,868,93.299621336,100001110101
12,1202026,869,93.299621336,100001110101
12,1202026,870,93.299621336,011110001010
12,1202026,871,93.299621336,100001110101
12,1202026,872,93.299621336,011110001010
12,1202026,873,93.299621336,011110001010
12,1202026,874,93.299621336,100001110101
12,1202026,875,93.299621336,011110001010
12,1202026,876,93.299621336,100001110101
12,1202026,877,93.299621336,011110001010
12,1202026,878,93.299621336,100001110101
12,1202026,879,93.299621336,011110001010
12,1202026,880,93.299621336,011110001010
12,1202026,881,93.299621336,100001110101
12,1202026,882,93.299621336,011110001010
12,1202026,883,93.299621336,011110001010
12,1202026,884,93.299621336,011110001010
12,1202026,885,93.299621336,011110001010
12,1202026,886,93.299621336,011110001010
12,1202026,887,93.299621336,011110001010
12,1202026,888,93.299621336,100001110101
12,1202026,889,93.299621336,011110001010
12,1202026,890,93.299621336,100001110101
12,1202026,891,93.299621336,100001110101
12,1202026,892,93.299621336,100001110101
12,1202026,893,93.299621336,011110001010
12,1202026,894,93.299621336,011110001010
12,1202026,895,93.299621336,011110001010
12,1202026,896,93.299621336,100001110101
12,1202026,897,93.299621336,100001110101
12,1202026,898,93.299621336,100001110101
12,1202026,899,93.299621336,100001110101
12,1202026,900,93.299621336,100001110101
12,1202026,901,93.299621336,011110001010
12,1202026,902,93.299621336,100001110101
12,1202026,903,93.299621336,011110001010
12,1202026,904,93.299621336,011110001010
12,1202026,905,93.299621336,011110001010
12,1202026,906,93.299621336,011110001010
12,1202026,907,93.299621336,011110001010
12,1202026,908,93.299621336,100001110101
12,1202026,909,93.299621336,100001110101
12,1202026,910,93.299621336,100001110101
12,1202026,911,93.299621336,100001110101
12,1202026,912,93.299621336,011110001010
12,1202026,913,93.299621336,100001110101
12,1202026,914,93.299621336,011110001010
12,1202026,915,93.299621336,100001110101
12,1202026,916,93.299621336,011110001010
12,1202026,917,93.299621336,100001110101
12,1202026,918,93.299621336,011110001010
12,1202026,919,93.299621336,100001110101
12,1202026,920,93.299621336,100001110101
12,1202026,921,93.299621336,100001110101
12,1202026,922,93.299621336,011110001010
12,1202026,923,93.299621336,011110001010
12,1202026,924,93.299621336,100001110101
12,1202026,925,93.299621336,100001110101
12,1202026,926,93.299621336,011110001010
12,1202026,927,93.299621336,100001110101
12,1202026,928,93.299621336,011110001010
12,1202026,929,93.299621336,100001110101
12,1202026,930,93.299621336,011110001010
12,1202026,931,93.299621336,011110001010
12,1202026,932,93.299621336,100001110101
12,1202026,933,93.299621336,100001110101
12,1202026,934,93.299621336,100001110101
12,1202026,935,93.299621336,100001110101
12,1202026,936,93.299621336,011110001010
12,1202026,937,93.299621336,100001110101
12,1202026,938,93.299621336,011110001010
12,1202026,939,93.299621336,100001110101
12,1202026,940,93.299621336,100001110101
12,1202026,941,93.299621336,011110001010
12,1202026,942,93.299621336,011110001010
12,1202026,943,93.299621336,011110001010
12,1202026,944,93.299621336,011110001010
12,1202026,945,93.299621336,011110001010
12,1202026,946,93.299621336,011110001010
12,1202026,947,93.299621336,011110001010
12,1202026,948,93.299621336,100001110101
12,1202026,949,93.299621336,100001110101
12,1202026,950,93.299621336,100001110101
12,1202026,951,93.299621336,011110001010
12,1202026,952,93.299621336,100001110101
12,1202026,953,93.299621336,100001110101
12,1202026,954,93.299621336,011110001010
12,1202026,955,93.299621336,100001110101
12,1202026,956,93.299621336,011110001010
12,1202026,957,93.299621336,011110001010
12,1202026,958,93.299621336,100001110101
12,1202026,959,93.299621336,011110001010
12,1202026,960,93.299621336,011110001010
12,1202026,961,93.299621336,100001110101
12,1202026,962,93.299621336,011110001010
12,1202026,963,93.299621336,100001110101
12,1202026,964,93.299621336,100001110101
12,1202026,965,93.299621336,100001110101
12,1202026,966,93.299621336,100001110101
12,1202026,967,93.299621336,100001110101
12,1202026,968,93.299621336,100001110101
12,1202026,969,93.299621336,011110001010
12,1202026,970,93.299621336,011110001010
12,1202026,971,93.299621336,011110001010
12,1202026,972,93.299621336,011110001010
12,1202026,973,93.299621336,011110001010
12,1202026,974,93.299621336,100001110101
12,1202026,975,93.299621336,100001110101
12,1202026,976,93.299621336,011110001010
12,1202026,977,93.299621336,011110001010
12,1202026,978,93.299621336,100001110101
12,1202026,979,93.299621336,100001110101
12,1202026,980,93.299621336,011110001010
12,1202026,981,93.299621336,011110001010
12,1202026,982,93.299621336,100001110101
12,1202026,983,93.299621336,011110001010
12,1202026,984,93.299621336,100001110101
12,1202026,985,93.299621336,100001110101
12,1202026,986,93.299621336,011110001010
12,1202026,987,93.299621336,011110001010
12,1202026,988,93.299621336,011110001010
12,1202026,989,93.299621336,011110001010
12,1202026,990,93.299621336,100001110101
12,1202026,991,93.299621336,100001110101
12,1202026,992,93.299621336,100001110101
12,1202026,993,93.299621336,011110001010
12,1202026,994,93.299621336,011110001010
12,1202026,995,93.299621336,100001110101
12,1202026,996,93.299621336,011110001010
12,1202026,997,93.299621336,100001110101
12,1202026,998,93.299621336,011110001010
12,1202026,999,93.299621336,100001110101
